locale,code,name
"pl","Africa/Abidjan","Afryka / Abidżan"
"pl","Africa/Accra","Afryka / Akra"
"pl","Africa/Addis_Ababa","Afryka / Addis Abeba"
"pl","Africa/Algiers","Afryka / Algier"
"pl","Africa/Asmara","Afryka / Asmara"
"pl","Africa/Asmera","Afryka / Asmera"
"pl","Africa/Bamako","Afryka / Bamako"
"pl","Africa/Bangui","Afryka / Bangi"
"pl","Africa/Banjul","Afryka / Bandżul"
"pl","Africa/Bissau","Afryka / Bissau"
"pl","Africa/Blantyre","Afryka / Blantyre"
"pl","Africa/Brazzaville","Afryka / Brazzaville"
"pl","Africa/Bujumbura","Afryka / Bużumbura"
"pl","Africa/Cairo","Afryka / Kair"
"pl","Africa/Casablanca","Afryka / Casablanca"
"pl","Africa/Ceuta","Afryka / Ceuta"
"pl","Africa/Conakry","Afryka / Konakry"
"pl","Africa/Dakar","Afryka / Dakar"
"pl","Africa/Dar_es_Salaam","Afryka / Dar es Salaam"
"pl","Africa/Djibouti","Afryka / Dżibuti"
"pl","Africa/Douala","Afryka / Duala"
"pl","Africa/El_Aaiun","Afryka / Al-Ujun"
"pl","Africa/Freetown","Afryka / Freetown"
"pl","Africa/Gaborone","Afryka / Gaborone"
"pl","Africa/Harare","Afryka / Harare"
"pl","Africa/Johannesburg","Afryka / Johannesburg"
"pl","Africa/Juba","Afryka / Dżuba"
"pl","Africa/Kampala","Afryka / Kampala"
"pl","Africa/Khartoum","Afryka / Chartum"
"pl","Africa/Kigali","Afryka / Kigali"
"pl","Africa/Kinshasa","Afryka / Kinszasa"
"pl","Africa/Lagos","Afryka / Lagos"
"pl","Africa/Libreville","Afryka / Libreville"
"pl","Africa/Lome","Afryka / Lomé"
"pl","Africa/Luanda","Afryka / Luanda"
"pl","Africa/Lubumbashi","Afryka / Lubumbashi"
"pl","Africa/Lusaka","Afryka / Lusaka"
"pl","Africa/Malabo","Afryka / Malabo"
"pl","Africa/Maputo","Afryka / Maputo"
"pl","Africa/Maseru","Afryka / Maseru"
"pl","Africa/Mbabane","Afryka / Mbabane"
"pl","Africa/Mogadishu","Afryka / Mogadiszu"
"pl","Africa/Monrovia","Afryka / Monrovia"
"pl","Africa/Nairobi","Afryka / Nairobi"
"pl","Africa/Ndjamena","Afryka / Ndżamena"
"pl","Africa/Niamey","Afryka / Niamey"
"pl","Africa/Nouakchott","Afryka / Nawakszut"
"pl","Africa/Ouagadougou","Afryka / Wagadugu"
"pl","Africa/Porto-Novo","Afryka / Porto-Novo"
"pl","Africa/Sao_Tome","Afryka / Sao Tome"
"pl","Africa/Timbuktu","Afryka / Timbuktu"
"pl","Africa/Tripoli","Afryka / Trypolis"
"pl","Africa/Tunis","Afryka / Tunis"
"pl","Africa/Windhoek","Afryka / Windhuk"
"pl","America/Adak","Ameryka / Adak"
"pl","America/Anchorage","Ameryka / Anchorage"
"pl","America/Anguilla","Ameryka / Anguilla"
"pl","America/Antigua","Ameryka / Antigua"
"pl","America/Araguaina","Ameryka / Araguaína"
"pl","America/Argentina/Buenos_Aires","Ameryka / Argentyna / Buenos Aires"
"pl","America/Argentina/Catamarca","Ameryka / Argentyna / Catamarca"
"pl","America/Argentina/ComodRivadavia","Ameryka / Argentyna / Comodoro Rivadavia"
"pl","America/Argentina/Cordoba","Ameryka / Argentyna / Córdoba"
"pl","America/Argentina/Jujuy","Ameryka / Argentyna / Jujuy"
"pl","America/Argentina/La_Rioja","Ameryka / Argentyna / La Rioja"
"pl","America/Argentina/Mendoza","Ameryka / Argentyna / Mendoza"
"pl","America/Argentina/Rio_Gallegos","Ameryka / Argentyna / Río Gallegos"
"pl","America/Argentina/Salta","Ameryka / Argentyna / Salta"
"pl","America/Argentina/San_Juan","Ameryka / Argentyna / San Juan"
"pl","America/Argentina/San_Luis","Ameryka / Argentyna / San Luis"
"pl","America/Argentina/Tucuman","Ameryka / Argentyna / Tucumán"
"pl","America/Argentina/Ushuaia","Ameryka / Argentyna / Ushuaia"
"pl","America/Aruba","Ameryka / Aruba"
"pl","America/Asuncion","Ameryka / Asunción"
"pl","America/Atikokan","Ameryka / Atikokan"
"pl","America/Atka","Ameryka / Atka"
"pl","America/Bahia","Ameryka / Bahia"
"pl","America/Bahia_Banderas","Ameryka / Bahía de Banderas"
"pl","America/Barbados","Ameryka / Barbados"
"pl","America/Belem","Ameryka / Belem"
"pl","America/Belize","Ameryka / Belize"
"pl","America/Blanc-Sablon","Ameryka / Blanc-Sablon"
"pl","America/Boa_Vista","Ameryka / Boa Vista"
"pl","America/Bogota","Ameryka / Bogota"
"pl","America/Boise","Ameryka / Boise"
"pl","America/Buenos_Aires","Ameryka / Buenos Aires"
"pl","America/Cambridge_Bay","Ameryka / Cambridge Bay"
"pl","America/Campo_Grande","Ameryka / Campo Grande"
"pl","America/Cancun","Ameryka / Cancún"
"pl","America/Caracas","Ameryka / Caracas"
"pl","America/Catamarca","Ameryka / Catamarca"
"pl","America/Cayenne","Ameryka / Kajenna"
"pl","America/Cayman","Ameryka / Kajmany"
"pl","America/Chicago","Ameryka / Chicago"
"pl","America/Chihuahua","Ameryka / Chihuahua"
"pl","America/Ciudad_Juarez","Ameryka / Ciudad Juarez"
"pl","America/Coral_Harbour","Ameryka / Coral Harbour"
"pl","America/Cordoba","Ameryka / Córdoba"
"pl","America/Costa_Rica","Ameryka / Kostaryka"
"pl","America/Creston","Ameryka / Creston"
"pl","America/Cuiaba","Ameryka / Cuiaba"
"pl","America/Curacao","Ameryka / Curaçao"
"pl","America/Danmarkshavn","Ameryka / Danmarkshavn"
"pl","America/Dawson","Ameryka / Dawson"
"pl","America/Dawson_Creek","Ameryka / Dawson Creek"
"pl","America/Denver","Ameryka / Denver"
"pl","America/Detroit","Ameryka / Detroit"
"pl","America/Dominica","Ameryka / Dominika"
"pl","America/Edmonton","Ameryka / Edmonton"
"pl","America/Eirunepe","Ameryka / Eirunepé"
"pl","America/El_Salvador","Ameryka / Salwador"
"pl","America/Ensenada","Ameryka / Ensenada"
"pl","America/Fort_Nelson","Ameryka / Fort Nelson"
"pl","America/Fort_Wayne","Ameryka / Fort Wayne"
"pl","America/Fortaleza","Ameryka / Fortaleza"
"pl","America/Glace_Bay","Ameryka / Glace Bay"
"pl","America/Godthab","Ameryka / Godthab"
"pl","America/Goose_Bay","Ameryka / Goose Bay"
"pl","America/Grand_Turk","Ameryka / Grand Turk"
"pl","America/Grenada","Ameryka / Grenada"
"pl","America/Guadeloupe","Ameryka / Gwadelupa"
"pl","America/Guatemala","Ameryka / Gwatemala"
"pl","America/Guayaquil","Ameryka / Guayaquil"
"pl","America/Guyana","Ameryka / Gujana"
"pl","America/Halifax","Ameryka / Halifax"
"pl","America/Havana","Ameryka / Hawana"
"pl","America/Hermosillo","Ameryka / Hermosillo"
"pl","America/Indiana/Indianapolis","Ameryka / Indiana / Indianapolis"
"pl","America/Indiana/Knox","Ameryka / Indiana / Knox"
"pl","America/Indiana/Marengo","Ameryka / Indiana / Marengo"
"pl","America/Indiana/Petersburg","Ameryka / Indiana / Petersburg"
"pl","America/Indiana/Tell_City","Ameryka / Indiana / Tell City"
"pl","America/Indiana/Vevay","Ameryka / Indiana / Vevay"
"pl","America/Indiana/Vincennes","Ameryka / Indiana / Vincennes"
"pl","America/Indiana/Winamac","Ameryka / Indiana / Winamac"
"pl","America/Indianapolis","Ameryka / Indianapolis"
"pl","America/Inuvik","Ameryka / Inuvik"
"pl","America/Iqaluit","Ameryka / Iqaluit"
"pl","America/Jamaica","Ameryka / Jamajka"
"pl","America/Jujuy","Ameryka / Jujuy"
"pl","America/Juneau","Ameryka / Juneau"
"pl","America/Kentucky/Louisville","Ameryka / Kentucky / Louisville"
"pl","America/Kentucky/Monticello","Ameryka / Kentucky / Monticello"
"pl","America/Knox_IN","Ameryka / Knox IN"
"pl","America/Kralendijk","Ameryka / Kralendijk"
"pl","America/La_Paz","Ameryka / La Paz"
"pl","America/Lima","Ameryka / Lima"
"pl","America/Los_Angeles","Ameryka / Los Angeles"
"pl","America/Louisville","Ameryka / Louisville"
"pl","America/Lower_Princes","Ameryka / Lower Princes"
"pl","America/Maceio","Ameryka / Maceio"
"pl","America/Managua","Ameryka / Managua"
"pl","America/Manaus","Ameryka / Manaus"
"pl","America/Marigot","Ameryka / Marigot"
"pl","America/Martinique","Ameryka / Martynika"
"pl","America/Matamoros","Ameryka / Matamoros"
"pl","America/Mazatlan","Ameryka / Mazatlán"
"pl","America/Mendoza","Ameryka / Mendoza"
"pl","America/Menominee","Ameryka / Menomine"
"pl","America/Merida","Ameryka / Merida"
"pl","America/Metlakatla","Ameryka / Metlakatla"
"pl","America/Mexico_City","Ameryka / Meksyk (miasto)"
"pl","America/Miquelon","Ameryka / Miquelon"
"pl","America/Moncton","Ameryka / Moncton"
"pl","America/Monterrey","Ameryka / Monterrey"
"pl","America/Montevideo","Ameryka / Montevideo"
"pl","America/Montreal","Ameryka / Montreal"
"pl","America/Montserrat","Ameryka / Montserrat"
"pl","America/Nassau","Ameryka / Nassau"
"pl","America/New_York","Ameryka / Nowy Jork"
"pl","America/Nipigon","Ameryka / Nipigon"
"pl","America/Nome","Ameryka / Nome"
"pl","America/Noronha","Ameryka / Noronha"
"pl","America/North_Dakota/Beulah","Ameryka / Północna Dakota / Beulah"
"pl","America/North_Dakota/Center","Ameryka / Północna Dakota / Centrum"
"pl","America/North_Dakota/New_Salem","Ameryka / Północna Dakota / New Salem"
"pl","America/Nuuk","Ameryka / Nuuk"
"pl","America/Ojinaga","Ameryka / Ojinaga"
"pl","America/Panama","Ameryka / Panama"
"pl","America/Pangnirtung","Ameryka / Pangnirtung"
"pl","America/Paramaribo","Ameryka / Paramaribo"
"pl","America/Phoenix","Ameryka / Phoenix"
"pl","America/Port-au-Prince","Ameryka / Port-au-Prince"
"pl","America/Port_of_Spain","Ameryka / Port of Spain"
"pl","America/Porto_Acre","Ameryka / Porto Acre"
"pl","America/Porto_Velho","Ameryka / Porto Velho"
"pl","America/Puerto_Rico","Ameryka / Portoryko"
"pl","America/Punta_Arenas","Ameryka / Punta Arenas"
"pl","America/Rainy_River","Ameryka / Rainy River"
"pl","America/Rankin_Inlet","Ameryka / Rankin Inlet"
"pl","America/Recife","Ameryka / Recife"
"pl","America/Regina","Ameryka / Regina"
"pl","America/Resolute","Ameryka / Resolute"
"pl","America/Rio_Branco","Ameryka / Rio Branco"
"pl","America/Rosario","Ameryka / Rosario"
"pl","America/Santa_Isabel","Ameryka / Santa Isabel"
"pl","America/Santarem","Ameryka / Santarém"
"pl","America/Santiago","Ameryka / Santiago"
"pl","America/Santo_Domingo","Ameryka / Santo Domingo"
"pl","America/Sao_Paulo","Ameryka / São Paulo"
"pl","America/Scoresbysund","Ameryka / Scoresbysund"
"pl","America/Shiprock","Ameryka / Shiprock"
"pl","America/Sitka","Ameryka / Sitka"
"pl","America/St_Barthelemy","Ameryka / St. Barthélemy"
"pl","America/St_Johns","Ameryka / St. John's"
"pl","America/St_Kitts","Ameryka / St. Kitts"
"pl","America/St_Lucia","Ameryka / St. Lucia"
"pl","America/St_Thomas","Ameryka / St. Thomas"
"pl","America/St_Vincent","Ameryka / St. Vincent"
"pl","America/Swift_Current","Ameryka / Swift Current"
"pl","America/Tegucigalpa","Ameryka / Tegucigalpa"
"pl","America/Thule","Ameryka / Thule"
"pl","America/Thunder_Bay","Ameryka / Thunder Bay"
"pl","America/Tijuana","Ameryka / Tijuana"
"pl","America/Toronto","Ameryka / Toronto"
"pl","America/Tortola","Ameryka / Tortola"
"pl","America/Vancouver","Ameryka / Vancouver"
"pl","America/Virgin","Ameryka / Wyspy Dziewicze"
"pl","America/Whitehorse","Ameryka / Whitehorse"
"pl","America/Winnipeg","Ameryka / Winnipeg"
"pl","America/Yakutat","Ameryka / Yakutat"
"pl","America/Yellowknife","Ameryka / Yellowknife"
"pl","Antarctica/Casey","Antarktyda / Casey"
"pl","Antarctica/Davis","Antarktyda / Davis"
"pl","Antarctica/DumontDUrville","Antarktyda / Dumont d'Urville"
"pl","Antarctica/Macquarie","Antarktyda / Macquarie"
"pl","Antarctica/Mawson","Antarktyda / Mawson"
"pl","Antarctica/McMurdo","Antarktyda / McMurdo"
"pl","Antarctica/Palmer","Antarktyda / Palmer"
"pl","Antarctica/Rothera","Antarktyda / Rothera"
"pl","Antarctica/South_Pole","Antarktyda / Biegun południowy"
"pl","Antarctica/Syowa","Antarktyda / Syowa"
"pl","Antarctica/Troll","Antarktyda / Troll"
"pl","Antarctica/Vostok","Antarktyda / Wostok"
"pl","Arctic/Longyearbyen","Arktyka / Longyearbyen"
"pl","Asia/Aden","Azja / Aden"
"pl","Asia/Almaty","Azja / Ałmaty"
"pl","Asia/Amman","Azja / Amman"
"pl","Asia/Anadyr","Azja / Anadyr"
"pl","Asia/Aqtau","Azja / Aktau"
"pl","Asia/Aqtobe","Azja / Aktobe"
"pl","Asia/Ashgabat","Azja / Aszchabad"
"pl","Asia/Ashkhabad","Azja / Aszchabad"
"pl","Asia/Atyrau","Azja / Atyrau"
"pl","Asia/Baghdad","Azja / Bagdad"
"pl","Asia/Bahrain","Azja / Bahrajn"
"pl","Asia/Baku","Azja / Baku"
"pl","Asia/Bangkok","Azja / Bangkok"
"pl","Asia/Barnaul","Azja / Barnauł"
"pl","Asia/Beirut","Azja / Beirut"
"pl","Asia/Bishkek","Azja / Biszkek"
"pl","Asia/Brunei","Azja / Brunei"
"pl","Asia/Calcutta","Azja / Kalkuta"
"pl","Asia/Chita","Azja / Czyta"
"pl","Asia/Choibalsan","Azja / Czojbalsan"
"pl","Asia/Chongqing","Azja / Chongqing"
"pl","Asia/Chungking","Azja / Chungking"
"pl","Asia/Colombo","Azja / Kolombo"
"pl","Asia/Dacca","Azja / Dhaka"
"pl","Asia/Damascus","Azja / Damaszek"
"pl","Asia/Dhaka","Azja / Dhaka"
"pl","Asia/Dili","Azja / Dili"
"pl","Asia/Dubai","Azja / Dubaj"
"pl","Asia/Dushanbe","Azja / Duszanbe"
"pl","Asia/Famagusta","Azja / Famagusta"
"pl","Asia/Gaza","Azja / Gaza"
"pl","Asia/Harbin","Azja / Harbin"
"pl","Asia/Hebron","Azja / Hebron"
"pl","Asia/Ho_Chi_Minh","Azja / Ho Chi Minh"
"pl","Asia/Hong_Kong","Azja / Hongkong"
"pl","Asia/Hovd","Azja / Kobdo"
"pl","Asia/Irkutsk","Azja / Irkuck"
"pl","Asia/Istanbul","Azja / Stambuł"
"pl","Asia/Jakarta","Azja / Dżakarta"
"pl","Asia/Jayapura","Azja / Jayapura"
"pl","Asia/Jerusalem","Azja / Jeruzalem"
"pl","Asia/Kabul","Azja / Kabul"
"pl","Asia/Kamchatka","Azja / Kamczatka"
"pl","Asia/Karachi","Azja / Karaczi"
"pl","Asia/Kashgar","Azja / Kaszgar"
"pl","Asia/Kathmandu","Azja / Katmandu"
"pl","Asia/Katmandu","Azja / Katmandu"
"pl","Asia/Khandyga","Azja / Chandyga"
"pl","Asia/Kolkata","Azja / Kolkata"
"pl","Asia/Krasnoyarsk","Azja / Krasnojarsk"
"pl","Asia/Kuala_Lumpur","Azja / Kuala Lumpur"
"pl","Asia/Kuching","Azja / Kuching"
"pl","Asia/Kuwait","Azja / Kuwejt"
"pl","Asia/Macao","Azja / Makao, Chiny"
"pl","Asia/Macau","Azja / Makau, Chiny"
"pl","Asia/Magadan","Azja / Magadan"
"pl","Asia/Makassar","Azja / Makasar"
"pl","Asia/Manila","Azja / Manila"
"pl","Asia/Muscat","Azja / Muskat"
"pl","Asia/Nicosia","Azja / Nikozja"
"pl","Asia/Novokuznetsk","Azja / Nowokuznieck"
"pl","Asia/Novosibirsk","Azja / Nowosybirsk"
"pl","Asia/Omsk","Azja / Omsk"
"pl","Asia/Oral","Azja / Uralsk"
"pl","Asia/Phnom_Penh","Azja / Phnom Penh"
"pl","Asia/Pontianak","Azja / Pontianak"
"pl","Asia/Pyongyang","Azja / Pyongyang"
"pl","Asia/Qatar","Azja / Katar"
"pl","Asia/Qostanay","Azja / Kustanaj"
"pl","Asia/Qyzylorda","Azja / Kyzyłorda"
"pl","Asia/Rangoon","Azja / Rangun"
"pl","Asia/Riyadh","Azja / Rijad"
"pl","Asia/Saigon","Azja / Ho Chi Minh"
"pl","Asia/Sakhalin","Azja / Sachalin"
"pl","Asia/Samarkand","Azja / Samarkanda"
"pl","Asia/Seoul","Azja / Seul"
"pl","Asia/Shanghai","Azja / Szanghaj"
"pl","Asia/Singapore","Azja / Singapur"
"pl","Asia/Srednekolymsk","Azja / Sriedniekołymsk"
"pl","Asia/Taipei","Azja / Tajpej"
"pl","Asia/Tashkent","Azja / Taszkient"
"pl","Asia/Tbilisi","Azja / Tbilisi"
"pl","Asia/Tehran","Azja / Teheran"
"pl","Asia/Tel_Aviv","Azja / Tel Awiw"
"pl","Asia/Thimbu","Azja / Thimphu"
"pl","Asia/Thimphu","Azja / Thimphu"
"pl","Asia/Tokyo","Azja / Tokio"
"pl","Asia/Tomsk","Azja / Tomsk"
"pl","Asia/Ujung_Pandang","Azja / Ujung Pandang"
"pl","Asia/Ulaanbaatar","Azja / Ułan Bator"
"pl","Asia/Ulan_Bator","Azja / Ułan Bator"
"pl","Asia/Urumqi","Azja / Urumczi"
"pl","Asia/Ust-Nera","Azja / Ust-Nera"
"pl","Asia/Vientiane","Azja / Wientian"
"pl","Asia/Vladivostok","Azja / Władywostok"
"pl","Asia/Yakutsk","Azja / Jakuck"
"pl","Asia/Yangon","Azja / Jangon"
"pl","Asia/Yekaterinburg","Azja / Jekaterynburg"
"pl","Asia/Yerevan","Azja / Erywań"
"pl","Atlantic/Azores","Ocean Atlantycki / Azory"
"pl","Atlantic/Bermuda","Ocean Atlantycki / Bermudy"
"pl","Atlantic/Canary","Ocean Atlantycki / Wyspy Kanaryjskie"
"pl","Atlantic/Cape_Verde","Ocean Atlantycki / Zielonego Przylądka"
"pl","Atlantic/Faeroe","Ocean Atlantycki / Wyspy Owcze"
"pl","Atlantic/Faroe","Ocean Atlantycki / Wyspy Owcze"
"pl","Atlantic/Jan_Mayen","Ocean Atlantycki / Jan Mayen"
"pl","Atlantic/Madeira","Ocean Atlantycki / Madera"
"pl","Atlantic/Reykjavik","Ocean Atlantycki / Rejkiawik"
"pl","Atlantic/South_Georgia","Ocean Atlantycki / Georgia Południowa"
"pl","Atlantic/St_Helena","Ocean Atlantycki / Święta Helena"
"pl","Atlantic/Stanley","Ocean Atlantycki / Stanley"
"pl","Australia/ACT","Australia / Australijskie Terytorium Stołeczne"
"pl","Australia/Adelaide","Australia / Adelajda"
"pl","Australia/Brisbane","Australia / Brisbane"
"pl","Australia/Broken_Hill","Australia / Broken Hill"
"pl","Australia/Canberra","Australia / Canberra"
"pl","Australia/Currie","Australia / Currie"
"pl","Australia/Darwin","Australia / Darwin"
"pl","Australia/Eucla","Australia / Eucla"
"pl","Australia/Hobart","Australia / Hobart"
"pl","Australia/LHI","Australia / Lord Howe"
"pl","Australia/Lindeman","Australia / Lindeman"
"pl","Australia/Lord_Howe","Australia / Lord Howe"
"pl","Australia/Melbourne","Australia / Melbourne"
"pl","Australia/NSW","Australia / Nowa Południowa Walia"
"pl","Australia/North","Australia / Północ"
"pl","Australia/Perth","Australia / Perth"
"pl","Australia/Queensland","Australia / Queensland"
"pl","Australia/South","Australia / Południe"
"pl","Australia/Sydney","Australia / Sydney"
"pl","Australia/Tasmania","Australia / Tasmania"
"pl","Australia/Victoria","Australia / Wiktoria"
"pl","Australia/West","Australia / Zachód"
"pl","Australia/Yancowinna","Australia / Yancowinna"
"pl","Brazil/Acre","Brazylia / Acre"
"pl","Brazil/DeNoronha","Brazylia / DeNoronha"
"pl","Brazil/East","Brazylia / Wschód"
"pl","Brazil/West","Brazylia / Zachód"
"pl","CET","CET"
"pl","CST6CDT","CST6CDT"
"pl","Canada/Atlantic","Kanada / Atlantyk"
"pl","Canada/Central","Kanada / Środek"
"pl","Canada/Eastern","Kanada / Wschód"
"pl","Canada/Mountain","Kanada / Góry"
"pl","Canada/Newfoundland","Kanada / Nowa Fundlandia"
"pl","Canada/Pacific","Kanada / Pacyfik"
"pl","Canada/Saskatchewan","Kanada / Saskatchewan"
"pl","Canada/Yukon","Kanada / Jukon"
"pl","Chile/Continental","Chile / Kontynentalne"
"pl","Chile/EasterIsland","Chile / Wyspa Wielkanocna"
"pl","Cuba","Kuba"
"pl","EET","EET"
"pl","EST","EST"
"pl","EST5EDT","EST5EDT"
"pl","Egypt","Egipt"
"pl","Eire","Irlandia"
"pl","Etc/GMT","Etc / GMT"
"pl","Etc/GMT+0","Etc / GMT+0"
"pl","Etc/GMT+1","Etc / GMT+1"
"pl","Etc/GMT+10","Etc / GMT+10"
"pl","Etc/GMT+11","Etc / GMT+11"
"pl","Etc/GMT+12","Etc / GMT+12"
"pl","Etc/GMT+2","Etc / GMT+2"
"pl","Etc/GMT+3","Etc / GMT+3"
"pl","Etc/GMT+4","Etc / GMT+4"
"pl","Etc/GMT+5","Etc / GMT+5"
"pl","Etc/GMT+6","Etc / GMT+6"
"pl","Etc/GMT+7","Etc / GMT+7"
"pl","Etc/GMT+8","Etc / GMT+8"
"pl","Etc/GMT+9","Etc / GMT+9"
"pl","Etc/GMT-0","Etc / GMT-0"
"pl","Etc/GMT-1","Etc / GMT-1"
"pl","Etc/GMT-10","Etc / GMT-10"
"pl","Etc/GMT-11","Etc / GMT-11"
"pl","Etc/GMT-12","Etc / GMT-12"
"pl","Etc/GMT-13","Etc / GMT-13"
"pl","Etc/GMT-14","Etc / GMT-14"
"pl","Etc/GMT-2","Etc / GMT-2"
"pl","Etc/GMT-3","Etc / GMT-3"
"pl","Etc/GMT-4","Etc / GMT-4"
"pl","Etc/GMT-5","Etc / GMT-5"
"pl","Etc/GMT-6","Etc / GMT-6"
"pl","Etc/GMT-7","Etc / GMT-7"
"pl","Etc/GMT-8","Etc / GMT-8"
"pl","Etc/GMT-9","Etc / GMT-9"
"pl","Etc/GMT0","Etc / GMT0"
"pl","Etc/Greenwich","Etc / Greenwich"
"pl","Etc/UCT","Etc / UCT"
"pl","Etc/UTC","Etc / UTC"
"pl","Etc/Universal","Etc / Uniwersalny"
"pl","Etc/Zulu","Etc / Zulu"
"pl","Europe/Amsterdam","Europa / Amsterdam"
"pl","Europe/Andorra","Europa / Andora"
"pl","Europe/Astrakhan","Europa / Astrachań"
"pl","Europe/Athens","Europa / Ateny"
"pl","Europe/Belfast","Europa / Belfast"
"pl","Europe/Belgrade","Europa / Belgrad"
"pl","Europe/Berlin","Europa / Berlin"
"pl","Europe/Bratislava","Europa / Bratysława"
"pl","Europe/Brussels","Europa / Bruksela"
"pl","Europe/Bucharest","Europa / Bukareszt"
"pl","Europe/Budapest","Europa / Budapeszt"
"pl","Europe/Busingen","Europa / Büsingen"
"pl","Europe/Chisinau","Europa / Kiszyniów"
"pl","Europe/Copenhagen","Europa / Kopenhaga"
"pl","Europe/Dublin","Europa / Dublin"
"pl","Europe/Gibraltar","Europa / Gibraltar"
"pl","Europe/Guernsey","Europa / Guernsey"
"pl","Europe/Helsinki","Europa / Helsinki"
"pl","Europe/Isle_of_Man","Europa / Wyspa Man"
"pl","Europe/Istanbul","Europa / Stambuł"
"pl","Europe/Jersey","Europa / Jersey"
"pl","Europe/Kaliningrad","Europa / Kaliningrad"
"pl","Europe/Kiev","Europa / Kijów"
"pl","Europe/Kirov","Europa / Kirow"
"pl","Europe/Kyiv","Europa / Kijów"
"pl","Europe/Lisbon","Europa / Lizbona"
"pl","Europe/Ljubljana","Europa / Lublana"
"pl","Europe/London","Europa / Londyn"
"pl","Europe/Luxembourg","Europa / Luksemburg"
"pl","Europe/Madrid","Europa / Madryt"
"pl","Europe/Malta","Europa / Malta"
"pl","Europe/Mariehamn","Europa / Mariehamn"
"pl","Europe/Minsk","Europa / Mińsk"
"pl","Europe/Monaco","Europa / Monako"
"pl","Europe/Moscow","Europa / Moskwa"
"pl","Europe/Nicosia","Europa / Nikozja"
"pl","Europe/Oslo","Europa / Oslo"
"pl","Europe/Paris","Europa / Paryż"
"pl","Europe/Podgorica","Europa / Podgorica"
"pl","Europe/Prague","Europa / Praga"
"pl","Europe/Riga","Europa / Ryga"
"pl","Europe/Rome","Europa / Rzym"
"pl","Europe/Samara","Europa / Samara"
"pl","Europe/San_Marino","Europa / San Marino"
"pl","Europe/Sarajevo","Europa / Sarajewo"
"pl","Europe/Saratov","Europa / Saratów"
"pl","Europe/Simferopol","Europa / Symferopol"
"pl","Europe/Skopje","Europa / Skopje"
"pl","Europe/Sofia","Europa / Sofia"
"pl","Europe/Stockholm","Europa / Sztokholm"
"pl","Europe/Tallinn","Europa / Tallin"
"pl","Europe/Tirane","Europa / Tirana"
"pl","Europe/Tiraspol","Europa / Tyraspol"
"pl","Europe/Ulyanovsk","Europa / Uljanowsk"
"pl","Europe/Uzhgorod","Europa / Użhorod"
"pl","Europe/Vaduz","Europa / Vaduz"
"pl","Europe/Vatican","Europa / Watykan"
"pl","Europe/Vienna","Europa / Wiedeń"
"pl","Europe/Vilnius","Europa / Wilno"
"pl","Europe/Volgograd","Europa / Wołgograd"
"pl","Europe/Warsaw","Europa / Warszawa"
"pl","Europe/Zagreb","Europa / Zagrzeb"
"pl","Europe/Zaporozhye","Europa / Zaporoże"
"pl","Europe/Zurich","Europa / Zurych"
"pl","GB","WB"
"pl","GB-Eire","WB-Irlandia"
"pl","GMT","GMT"
"pl","GMT+0","GMT+0"
"pl","GMT-0","GMT-0"
"pl","GMT0","GMT0"
"pl","Greenwich","Greenwich"
"pl","HST","HST"
"pl","Hongkong","Hongkong, Chiny"
"pl","Iceland","Islandia"
"pl","Indian/Antananarivo","Ocean Indyjski / Antananarywa"
"pl","Indian/Chagos","Ocean Indyjski / Czagos"
"pl","Indian/Christmas","Ocean Indyjski / Wyspa Bożego Narodzenia"
"pl","Indian/Cocos","Ocean Indyjski / Wyspy Kokosowe"
"pl","Indian/Comoro","Ocean Indyjski / Komory"
"pl","Indian/Kerguelen","Ocean Indyjski / Wyspy Kerguelena"
"pl","Indian/Mahe","Ocean Indyjski / Mahé"
"pl","Indian/Maldives","Ocean Indyjski / Malediwy"
"pl","Indian/Mauritius","Ocean Indyjski / Mauritius"
"pl","Indian/Mayotte","Ocean Indyjski / Majotta"
"pl","Indian/Reunion","Ocean Indyjski / Reunion"
"pl","Iran","Iran"
"pl","Israel","Izrael"
"pl","Jamaica","Jamajka"
"pl","Japan","Japonia"
"pl","Kwajalein","Kwajalein"
"pl","Libya","Libia"
"pl","MET","MET"
"pl","MST","MST"
"pl","MST7MDT","MST7MDT"
"pl","Mexico/BajaNorte","Meksyk / Kalifornia Dolna"
"pl","Mexico/BajaSur","Meksyk / Kalifornia Dolna Południowa"
"pl","Mexico/General","Meksyk / Ogólnie"
"pl","NZ","NZ"
"pl","NZ-CHAT","NZ-CHAT"
"pl","Navajo","Nawaho"
"pl","PRC","PRC"
"pl","PST8PDT","PST8PDT"
"pl","Pacific/Apia","Ocean Spokojny / Apia"
"pl","Pacific/Auckland","Ocean Spokojny / Auckland"
"pl","Pacific/Bougainville","Ocean Spokojny / Wyspa Bougainville’a"
"pl","Pacific/Chatham","Ocean Spokojny / Wyspy Chatham"
"pl","Pacific/Chuuk","Ocean Spokojny / Chuuk"
"pl","Pacific/Easter","Ocean Spokojny / Wyspa Wielkanocna"
"pl","Pacific/Efate","Ocean Spokojny / Efate"
"pl","Pacific/Enderbury","Ocean Spokojny / Enderbury"
"pl","Pacific/Fakaofo","Ocean Spokojny / Fakaofo"
"pl","Pacific/Fiji","Ocean Spokojny / Fidżi"
"pl","Pacific/Funafuti","Ocean Spokojny / Funafuti"
"pl","Pacific/Galapagos","Ocean Spokojny / Galapagos"
"pl","Pacific/Gambier","Ocean Spokojny / Wyspy Gambiera"
"pl","Pacific/Guadalcanal","Ocean Spokojny / Guadalcanal"
"pl","Pacific/Guam","Ocean Spokojny / Guam"
"pl","Pacific/Honolulu","Ocean Spokojny / Honolulu"
"pl","Pacific/Johnston","Ocean Spokojny / Johnston"
"pl","Pacific/Kanton","Ocean Spokojny / Kanton"
"pl","Pacific/Kiritimati","Ocean Spokojny / Kiritimati"
"pl","Pacific/Kosrae","Ocean Spokojny / Kosrae"
"pl","Pacific/Kwajalein","Ocean Spokojny / Kwajalein"
"pl","Pacific/Majuro","Ocean Spokojny / Majuro"
"pl","Pacific/Marquesas","Ocean Spokojny / Markizy"
"pl","Pacific/Midway","Ocean Spokojny / Midway"
"pl","Pacific/Nauru","Ocean Spokojny / Nauru"
"pl","Pacific/Niue","Ocean Spokojny / Niue"
"pl","Pacific/Norfolk","Ocean Spokojny / Norfolk"
"pl","Pacific/Noumea","Ocean Spokojny / Numea"
"pl","Pacific/Pago_Pago","Ocean Spokojny / Pago Pago"
"pl","Pacific/Palau","Ocean Spokojny / Palau"
"pl","Pacific/Pitcairn","Ocean Spokojny / Pitcairn"
"pl","Pacific/Pohnpei","Ocean Spokojny / Pohnpei"
"pl","Pacific/Ponape","Ocean Spokojny / Pohnpei"
"pl","Pacific/Port_Moresby","Ocean Spokojny / Port Moresby"
"pl","Pacific/Rarotonga","Ocean Spokojny / Rarotonga"
"pl","Pacific/Saipan","Ocean Spokojny / Saipan"
"pl","Pacific/Samoa","Ocean Spokojny / Samoa"
"pl","Pacific/Tahiti","Ocean Spokojny / Tahiti"
"pl","Pacific/Tarawa","Ocean Spokojny / Tarawa"
"pl","Pacific/Tongatapu","Ocean Spokojny / Tongatapu"
"pl","Pacific/Truk","Ocean Spokojny / Chuuk"
"pl","Pacific/Wake","Ocean Spokojny / Wake"
"pl","Pacific/Wallis","Ocean Spokojny / Wallis"
"pl","Pacific/Yap","Ocean Spokojny / Yap"
"pl","Poland","Polska"
"pl","Portugal","Portugalia"
"pl","ROC","ROC"
"pl","ROK","ROK"
"pl","Singapore","Singapur"
"pl","Turkey","Turcja"
"pl","UCT","UCT"
"pl","US/Alaska","USA / Alaska"
"pl","US/Aleutian","USA / Aleuty"
"pl","US/Arizona","USA / Arizona"
"pl","US/Central","USA / Środkowe"
"pl","US/East-Indiana","USA / Indiana, wschód"
"pl","US/Eastern","USA / Wschodnie"
"pl","US/Hawaii","USA / Hawaje"
"pl","US/Indiana-Starke","USA / Indiana, Starke"
"pl","US/Michigan","USA / Michigan"
"pl","US/Mountain","USA / Góry"
"pl","US/Pacific","USA / Ocean Spokojny"
"pl","US/Samoa","USA / Samoa"
"pl","UTC","UTC"
"pl","Universal","Uniwersalny"
"pl","W-SU","W-SU"
"pl","WET","WET"
"pl","Zulu","Zulu"