locale,code,name
"pt","Africa/Abidjan","África/Abidjan"
"pt","Africa/Accra","África/Acra"
"pt","Africa/Addis_Ababa","África/Adis Abeba"
"pt","Africa/Algiers","África/Argel"
"pt","Africa/Asmara","África/Asmara"
"pt","Africa/Asmera","África/Asmara"
"pt","Africa/Bamako","África/Bamako"
"pt","Africa/Bangui","África/Bangui"
"pt","Africa/Banjul","África/Banjul"
"pt","Africa/Bissau","África/Bissau"
"pt","Africa/Blantyre","África/Blantyre"
"pt","Africa/Brazzaville","África/Brazzaville"
"pt","Africa/Bujumbura","África/Bujumbura"
"pt","Africa/Cairo","África/Cairo"
"pt","Africa/Casablanca","África/Casablanca"
"pt","Africa/Ceuta","África/Ceuta"
"pt","Africa/Conakry","África/Conacri"
"pt","Africa/Dakar","África/Dakar"
"pt","Africa/Dar_es_Salaam","África/Dar es Salaam"
"pt","Africa/Djibouti","África/Djibouti"
"pt","Africa/Douala","África/Duala"
"pt","Africa/El_Aaiun","África/El Aiune"
"pt","Africa/Freetown","África/Freetown"
"pt","Africa/Gaborone","África/Gaborone"
"pt","Africa/Harare","África/Harare"
"pt","Africa/Johannesburg","África/Joanesburgo"
"pt","Africa/Juba","África/Juba"
"pt","Africa/Kampala","África/Kampala"
"pt","Africa/Khartoum","África/Cartum"
"pt","Africa/Kigali","África/Kigali"
"pt","Africa/Kinshasa","África/Kinshasa"
"pt","Africa/Lagos","África/Lagos"
"pt","Africa/Libreville","África/Libreville"
"pt","Africa/Lome","África/Lomé"
"pt","Africa/Luanda","África/Luanda"
"pt","Africa/Lubumbashi","África/Lubumbashi"
"pt","Africa/Lusaka","África/Lusaka"
"pt","Africa/Malabo","África/Malabo"
"pt","Africa/Maputo","África/Maputo"
"pt","Africa/Maseru","África/Maseru"
"pt","Africa/Mbabane","África/Mbabane"
"pt","Africa/Mogadishu","África/Mogadíscio"
"pt","Africa/Monrovia","África/Monróvia"
"pt","Africa/Nairobi","África/Nairóbi"
"pt","Africa/Ndjamena","África/N'Djamena"
"pt","Africa/Niamey","África/Niamei"
"pt","Africa/Nouakchott","África/Nouakchott"
"pt","Africa/Ouagadougou","África/Uagadugu"
"pt","Africa/Porto-Novo","África/Porto Novo"
"pt","Africa/Sao_Tome","África/São Tomé"
"pt","Africa/Timbuktu","África/Tombuctu"
"pt","Africa/Tripoli","África/Trípoli"
"pt","Africa/Tunis","África/Tunes"
"pt","Africa/Windhoek","África/Windhoek"
"pt","America/Adak","América/Adak"
"pt","America/Anchorage","América/Anchorage"
"pt","America/Anguilla","América/Anguilla"
"pt","America/Antigua","América/Antígua"
"pt","America/Araguaina","América/Araguaína"
"pt","America/Argentina/Buenos_Aires","América/Argentina/Buenos Aires"
"pt","America/Argentina/Catamarca","América/Argentina/Catamarca"
"pt","America/Argentina/ComodRivadavia","América/Argentina/Comodoro Rivadavia"
"pt","America/Argentina/Cordoba","América/Argentina/Córdoba"
"pt","America/Argentina/Jujuy","América/Argentina/Jujuy"
"pt","America/Argentina/La_Rioja","América/Argentina/La Rioja"
"pt","America/Argentina/Mendoza","América/Argentina/Mendoza"
"pt","America/Argentina/Rio_Gallegos","América/Argentina/Río Gallegos"
"pt","America/Argentina/Salta","América/Argentina/Salta"
"pt","America/Argentina/San_Juan","América/Argentina/San Juan"
"pt","America/Argentina/San_Luis","América/Argentina/San Luis"
"pt","America/Argentina/Tucuman","América/Argentina/Tucumán"
"pt","America/Argentina/Ushuaia","América/Argentina/Ushuaia"
"pt","America/Aruba","América/Aruba"
"pt","America/Asuncion","América/Assunção"
"pt","America/Atikokan","América/Atikokan"
"pt","America/Atka","América/Atka"
"pt","America/Bahia","América/Bahia"
"pt","America/Bahia_Banderas","América/Bahía de Banderas"
"pt","America/Barbados","América/Barbados"
"pt","America/Belem","América/Belém"
"pt","America/Belize","América/Belize"
"pt","America/Blanc-Sablon","América/Blanc-Sablon"
"pt","America/Boa_Vista","América/Boa Vista"
"pt","America/Bogota","América/Bogotá"
"pt","America/Boise","América/Boise"
"pt","America/Buenos_Aires","América/Buenos Aires"
"pt","America/Cambridge_Bay","América/Cambridge Bay"
"pt","America/Campo_Grande","América/Campo Grande"
"pt","America/Cancun","América/Cancún"
"pt","America/Caracas","América/Caracas"
"pt","America/Catamarca","América/Catamarca"
"pt","America/Cayenne","América/Caiena"
"pt","America/Cayman","América/Cayman"
"pt","America/Chicago","América/Chicago"
"pt","America/Chihuahua","América/Chihuahua"
"pt","America/Ciudad_Juarez","América/Ciudad Juárez"
"pt","America/Coral_Harbour","América/Coral Harbour"
"pt","America/Cordoba","América/Córdoba"
"pt","America/Costa_Rica","América/Costa Rica"
"pt","America/Creston","América/Creston"
"pt","America/Cuiaba","América/Cuiabá"
"pt","America/Curacao","América/Curaçao"
"pt","America/Danmarkshavn","América/Danmarkshavn"
"pt","America/Dawson","América/Dawson"
"pt","America/Dawson_Creek","América/Dawson Creek"
"pt","America/Denver","América/Denver"
"pt","America/Detroit","América/Detroit"
"pt","America/Dominica","América/Dominica"
"pt","America/Edmonton","América/Edmonton"
"pt","America/Eirunepe","América/Eirunepé"
"pt","America/El_Salvador","América/El Salvador"
"pt","America/Ensenada","América/Ensenada"
"pt","America/Fort_Nelson","América/Fort Nelson"
"pt","America/Fort_Wayne","América/Fort Wayne"
"pt","America/Fortaleza","América/Fortaleza"
"pt","America/Glace_Bay","América/Glace Bay"
"pt","America/Godthab","América/Nuuk"
"pt","America/Goose_Bay","América/Happy Valley-Goose Bay"
"pt","America/Grand_Turk","América/Grand Turk"
"pt","America/Grenada","América/Granada"
"pt","America/Guadeloupe","América/Guadalupe"
"pt","America/Guatemala","América/Guatemala"
"pt","America/Guayaquil","América/Guayaquil"
"pt","America/Guyana","América/Guiana"
"pt","America/Halifax","América/Halifax"
"pt","America/Havana","América/Havana"
"pt","America/Hermosillo","América/Hermosillo"
"pt","America/Indiana/Indianapolis","América/Indiana/Indianápolis"
"pt","America/Indiana/Knox","América/Indiana/Knox"
"pt","America/Indiana/Marengo","América/Indiana/Marengo"
"pt","America/Indiana/Petersburg","América/Indiana/Petersburg"
"pt","America/Indiana/Tell_City","América/Indiana/Tell City"
"pt","America/Indiana/Vevay","América/Indiana/Vevay"
"pt","America/Indiana/Vincennes","América/Indiana/Vincennes"
"pt","America/Indiana/Winamac","América/Indiana/Winamac"
"pt","America/Indianapolis","América/Indianápolis"
"pt","America/Inuvik","América/Inuvik"
"pt","America/Iqaluit","América/Iqaluit"
"pt","America/Jamaica","América/Jamaica"
"pt","America/Jujuy","América/Jujuy"
"pt","America/Juneau","América/Juneau"
"pt","America/Kentucky/Louisville","América/Kentucky/Louisville"
"pt","America/Kentucky/Monticello","América/Kentucky/Monticello"
"pt","America/Knox_IN","América/Knox, Indiana"
"pt","America/Kralendijk","América/Kralendijk"
"pt","America/La_Paz","América/La Paz"
"pt","America/Lima","América/Lima"
"pt","America/Los_Angeles","América/Los Angeles"
"pt","America/Louisville","América/Louisville"
"pt","America/Lower_Princes","América/Lower Prince's Quarter"
"pt","America/Maceio","América/Maceió"
"pt","America/Managua","América/Manágua"
"pt","America/Manaus","América/Manaus"
"pt","America/Marigot","América/Marigot"
"pt","America/Martinique","América/Martinica"
"pt","America/Matamoros","América/Matamoros"
"pt","America/Mazatlan","América/Mazatlán"
"pt","America/Mendoza","América/Mendoza"
"pt","America/Menominee","América/Menominee"
"pt","America/Merida","América/Mérida"
"pt","America/Metlakatla","América/Metlakatla"
"pt","America/Mexico_City","América/Cidade do México"
"pt","America/Miquelon","América/Miquelon"
"pt","America/Moncton","América/Moncton"
"pt","America/Monterrey","América/Monterrey"
"pt","America/Montevideo","América/Montevidéu"
"pt","America/Montreal","América/Montreal"
"pt","America/Montserrat","América/Montserrat"
"pt","America/Nassau","América/Nassau"
"pt","America/New_York","América/Nova Iorque"
"pt","America/Nipigon","América/Nipigon"
"pt","America/Nome","América/Nome"
"pt","America/Noronha","América/Fernando de Noronha"
"pt","America/North_Dakota/Beulah","América/Dakota do Norte/Beulah"
"pt","America/North_Dakota/Center","América/Dakota do Norte/Center"
"pt","America/North_Dakota/New_Salem","América/Dakota do Norte/New Salem"
"pt","America/Nuuk","América/Nuuk"
"pt","America/Ojinaga","América/Ojinaga"
"pt","America/Panama","América/Panamá"
"pt","America/Pangnirtung","América/Pangnirtung"
"pt","America/Paramaribo","América/Paramaribo"
"pt","America/Phoenix","América/Phoenix"
"pt","America/Port-au-Prince","América/Porto Príncipe"
"pt","America/Port_of_Spain","América/Port of Spain"
"pt","America/Porto_Acre","América/Porto Acre"
"pt","America/Porto_Velho","América/Porto Velho"
"pt","America/Puerto_Rico","América/Porto Rico"
"pt","America/Punta_Arenas","América/Punta Arenas"
"pt","America/Rainy_River","América/Rainy River"
"pt","America/Rankin_Inlet","América/Rankin Inlet"
"pt","America/Recife","América/Recife"
"pt","America/Regina","América/Regina"
"pt","America/Resolute","América/Resolute"
"pt","America/Rio_Branco","América/Rio Branco"
"pt","America/Rosario","América/Rosário"
"pt","America/Santa_Isabel","América/Santa Isabel"
"pt","America/Santarem","América/Santarém"
"pt","America/Santiago","América/Santiago"
"pt","America/Santo_Domingo","América/Santo Domingo"
"pt","America/Sao_Paulo","América/São Paulo"
"pt","America/Scoresbysund","América/Ittoqqortoormiit"
"pt","America/Shiprock","América/Shiprock"
"pt","America/Sitka","América/Sitka"
"pt","America/St_Barthelemy","América/São Bartolomeu"
"pt","America/St_Johns","América/São João da Terra Nova"
"pt","America/St_Kitts","América/São Cristóvão"
"pt","America/St_Lucia","América/Santa Lúcia"
"pt","America/St_Thomas","América/St. Thomas"
"pt","America/St_Vincent","América/St. Vincent"
"pt","America/Swift_Current","América/Swift Current"
"pt","America/Tegucigalpa","América/Tegucigalpa"
"pt","America/Thule","América/Qaanaaq"
"pt","America/Thunder_Bay","América/Thunder Bay"
"pt","America/Tijuana","América/Tijuana"
"pt","America/Toronto","América/Toronto"
"pt","America/Tortola","América/Tortola"
"pt","America/Vancouver","América/Vancouver"
"pt","America/Virgin","América/Virgin"
"pt","America/Whitehorse","América/Whitehorse"
"pt","America/Winnipeg","América/Winnipeg"
"pt","America/Yakutat","América/Yakutat"
"pt","America/Yellowknife","América/Yellowknife"
"pt","Antarctica/Casey","Antártica/Casey"
"pt","Antarctica/Davis","Antártica/Davis"
"pt","Antarctica/DumontDUrville","Antártica/Dumont d'Urville"
"pt","Antarctica/Macquarie","Antártica/Macquarie"
"pt","Antarctica/Mawson","Antártica/Mawson"
"pt","Antarctica/McMurdo","Antártica/McMurdo"
"pt","Antarctica/Palmer","Antártica/Palmer"
"pt","Antarctica/Rothera","Antártica/Rothera"
"pt","Antarctica/South_Pole","Antártica/Polo Sul"
"pt","Antarctica/Syowa","Antártica/Showa"
"pt","Antarctica/Troll","Antártica/Troll"
"pt","Antarctica/Vostok","Antártica/Vostok"
"pt","Arctic/Longyearbyen","Ártico/Longyearbyen"
"pt","Asia/Aden","Ásia/Adem"
"pt","Asia/Almaty","Ásia/Almaty"
"pt","Asia/Amman","Ásia/Amã"
"pt","Asia/Anadyr","Ásia/Anadyr"
"pt","Asia/Aqtau","Ásia/Aktau"
"pt","Asia/Aqtobe","Ásia/Aktobe"
"pt","Asia/Ashgabat","Ásia/Asgabate"
"pt","Asia/Ashkhabad","Ásia/Asgabate"
"pt","Asia/Atyrau","Ásia/Atyrau"
"pt","Asia/Baghdad","Ásia/Bagdá"
"pt","Asia/Bahrain","Ásia/Bahrein"
"pt","Asia/Baku","Ásia/Baku"
"pt","Asia/Bangkok","Ásia/Bangkok"
"pt","Asia/Barnaul","Ásia/Barnaul"
"pt","Asia/Beirut","Ásia/Beirute"
"pt","Asia/Bishkek","Ásia/Bisqueque"
"pt","Asia/Brunei","Ásia/Brunei"
"pt","Asia/Calcutta","Ásia/Calcutá"
"pt","Asia/Chita","Ásia/Tchita"
"pt","Asia/Choibalsan","Ásia/Choibalsan"
"pt","Asia/Chongqing","Ásia/Chongqing"
"pt","Asia/Chungking","Ásia/Chongqing"
"pt","Asia/Colombo","Ásia/Colombo"
"pt","Asia/Dacca","Ásia/Dacca"
"pt","Asia/Damascus","Ásia/Damasco"
"pt","Asia/Dhaka","Ásia/Daca"
"pt","Asia/Dili","Ásia/Díli"
"pt","Asia/Dubai","Ásia/Dubai"
"pt","Asia/Dushanbe","Ásia/Duchambé"
"pt","Asia/Famagusta","Ásia/Famagusta"
"pt","Asia/Gaza","Ásia/Gaza"
"pt","Asia/Harbin","Ásia/Harbin"
"pt","Asia/Hebron","Ásia/Hebrom"
"pt","Asia/Ho_Chi_Minh","Ásia/Ho Chi Minh"
"pt","Asia/Hong_Kong","Ásia/Hong Kong"
"pt","Asia/Hovd","Ásia/Khovd"
"pt","Asia/Irkutsk","Ásia/Irkutsk"
"pt","Asia/Istanbul","Ásia/Istambul"
"pt","Asia/Jakarta","Ásia/Jacarta"
"pt","Asia/Jayapura","Ásia/Jayapura"
"pt","Asia/Jerusalem","Ásia/Jerusalém"
"pt","Asia/Kabul","Ásia/Cabul"
"pt","Asia/Kamchatka","Ásia/Kamchatka"
"pt","Asia/Karachi","Ásia/Carachi"
"pt","Asia/Kashgar","Ásia/Kashgar"
"pt","Asia/Kathmandu","Ásia/Catmandu"
"pt","Asia/Katmandu","Ásia/Catmandu"
"pt","Asia/Khandyga","Ásia/Khandyga"
"pt","Asia/Kolkata","Ásia/Calcutá"
"pt","Asia/Krasnoyarsk","Ásia/Krasnoiarsk"
"pt","Asia/Kuala_Lumpur","Ásia/Kuala Lumpur"
"pt","Asia/Kuching","Ásia/Kuching"
"pt","Asia/Kuwait","Ásia/Kuwait"
"pt","Asia/Macao","Ásia/Macau"
"pt","Asia/Macau","Ásia/Macau"
"pt","Asia/Magadan","Ásia/Magadan"
"pt","Asia/Makassar","Ásia/Macáçar"
"pt","Asia/Manila","Ásia/Manila"
"pt","Asia/Muscat","Ásia/Muscate"
"pt","Asia/Nicosia","Ásia/Nicósia"
"pt","Asia/Novokuznetsk","Ásia/Novokuznetsk"
"pt","Asia/Novosibirsk","Ásia/Novosibirsk"
"pt","Asia/Omsk","Ásia/Omsk"
"pt","Asia/Oral","Ásia/Oral"
"pt","Asia/Phnom_Penh","Ásia/Phnom Penh"
"pt","Asia/Pontianak","Ásia/Pontianak"
"pt","Asia/Pyongyang","Ásia/Pyongyang"
"pt","Asia/Qatar","Ásia/Catar"
"pt","Asia/Qostanay","Ásia/Qostanay"
"pt","Asia/Qyzylorda","Ásia/Qyzylorda"
"pt","Asia/Rangoon","Ásia/Rangum"
"pt","Asia/Riyadh","Ásia/Riade"
"pt","Asia/Saigon","Ásia/Saigão"
"pt","Asia/Sakhalin","Ásia/Sacalina"
"pt","Asia/Samarkand","Ásia/Samarcanda"
"pt","Asia/Seoul","Ásia/Seul"
"pt","Asia/Shanghai","Ásia/Xangai"
"pt","Asia/Singapore","Ásia/Singapura"
"pt","Asia/Srednekolymsk","Ásia/Srednekolymsk"
"pt","Asia/Taipei","Ásia/Taipei"
"pt","Asia/Tashkent","Ásia/Tasquente"
"pt","Asia/Tbilisi","Ásia/Tbilisi"
"pt","Asia/Tehran","Ásia/Teerão"
"pt","Asia/Tel_Aviv","Ásia/Tel Aviv"
"pt","Asia/Thimbu","Ásia/Timbu"
"pt","Asia/Thimphu","Ásia/Timpu"
"pt","Asia/Tokyo","Ásia/Tóquio"
"pt","Asia/Tomsk","Ásia/Tomsk"
"pt","Asia/Ujung_Pandang","Ásia/Ujung Pandang"
"pt","Asia/Ulaanbaatar","Ásia/Ulan Bator"
"pt","Asia/Ulan_Bator","Ásia/Ulan Bator"
"pt","Asia/Urumqi","Ásia/Ürümqi"
"pt","Asia/Ust-Nera","Ásia/Ust-Nera"
"pt","Asia/Vientiane","Ásia/Vientiane"
"pt","Asia/Vladivostok","Ásia/Vladivostoque"
"pt","Asia/Yakutsk","Ásia/Yakutsk"
"pt","Asia/Yangon","Ásia/Rangum"
"pt","Asia/Yekaterinburg","Ásia/Ecaterimburgo"
"pt","Asia/Yerevan","Ásia/Ierevã"
"pt","Atlantic/Azores","Atlântico/Açores"
"pt","Atlantic/Bermuda","Atlântico/Bermudas"
"pt","Atlantic/Canary","Atlântico/Canárias"
"pt","Atlantic/Cape_Verde","Atlântico/Cabo Verde"
"pt","Atlantic/Faeroe","Atlântico/Féroe"
"pt","Atlantic/Faroe","Atlântico/Féroe"
"pt","Atlantic/Jan_Mayen","Atlântico/Jan Mayen"
"pt","Atlantic/Madeira","Atlântico/Madeira"
"pt","Atlantic/Reykjavik","Atlântico/Reykjavik"
"pt","Atlantic/South_Georgia","Atlântico/Geórgia do Sul"
"pt","Atlantic/St_Helena","Atlântico/Santa Helena"
"pt","Atlantic/Stanley","Atlântico/Stanley"
"pt","Australia/ACT","Austrália/ACT"
"pt","Australia/Adelaide","Austrália/Adelaide"
"pt","Australia/Brisbane","Austrália/Brisbane"
"pt","Australia/Broken_Hill","Austrália/Broken Hill"
"pt","Australia/Canberra","Austrália/Camberra"
"pt","Australia/Currie","Austrália/Currie"
"pt","Australia/Darwin","Austrália/Darwin"
"pt","Australia/Eucla","Austrália/Eucla"
"pt","Australia/Hobart","Austrália/Hobart"
"pt","Australia/LHI","Austrália/Ilha de Lord Howe"
"pt","Australia/Lindeman","Austrália/Lindeman"
"pt","Australia/Lord_Howe","Austrália/Lord Howe"
"pt","Australia/Melbourne","Austrália/Melbourne"
"pt","Australia/NSW","Austrália/Nova Gales do Sul"
"pt","Australia/North","Austrália/Norte"
"pt","Australia/Perth","Austrália/Perth"
"pt","Australia/Queensland","Austrália/Queensland"
"pt","Australia/South","Austrália/Sul"
"pt","Australia/Sydney","Austrália/Sydney"
"pt","Australia/Tasmania","Austrália/Tasmânia"
"pt","Australia/Victoria","Austrália/Vitória"
"pt","Australia/West","Austrália/Ocidental"
"pt","Australia/Yancowinna","Austrália/Yancowinna"
"pt","Brazil/Acre","Brasil/Acre"
"pt","Brazil/DeNoronha","Brasil/De Noronha"
"pt","Brazil/East","Brasil/Leste"
"pt","Brazil/West","Brasil/Ocidental"
"pt","CET","CET"
"pt","CST6CDT","CST6CDT"
"pt","Canada/Atlantic","Canadá/Atlântico"
"pt","Canada/Central","Canadá/Central"
"pt","Canada/Eastern","Canadá/Oriental"
"pt","Canada/Mountain","Canadá/Montanhas"
"pt","Canada/Newfoundland","Canadá/Terra Nova"
"pt","Canada/Pacific","Canadá/Pacífico"
"pt","Canada/Saskatchewan","Canadá/Sascachevão"
"pt","Canada/Yukon","Canadá/Yukon"
"pt","Chile/Continental","Chile/Continental"
"pt","Chile/EasterIsland","Chile/Ilha de Páscoa"
"pt","Cuba","Cuba"
"pt","EET","Horário do Leste Europeu"
"pt","EST","Fuso Horário Oriental"
"pt","EST5EDT","EST5EDT"
"pt","Egypt","Egito"
"pt","Eire","Eire"
"pt","Etc/GMT","Etc/GMT"
"pt","Etc/GMT+0","Etc/GMT+0"
"pt","Etc/GMT+1","Etc/GMT+1"
"pt","Etc/GMT+10","Etc/GMT+10"
"pt","Etc/GMT+11","Etc/GMT+11"
"pt","Etc/GMT+12","Etc/GMT+12"
"pt","Etc/GMT+2","Etc/GMT+2"
"pt","Etc/GMT+3","Etc/GMT+3"
"pt","Etc/GMT+4","Etc/GMT+4"
"pt","Etc/GMT+5","Etc/GMT+5"
"pt","Etc/GMT+6","Etc/GMT+6"
"pt","Etc/GMT+7","Etc/GMT+7"
"pt","Etc/GMT+8","Etc/GMT+8"
"pt","Etc/GMT+9","Etc/GMT+9"
"pt","Etc/GMT-0","Etc/GMT-0"
"pt","Etc/GMT-1","Etc/GMT-1"
"pt","Etc/GMT-10","Etc/GMT-10"
"pt","Etc/GMT-11","Etc/GMT-11"
"pt","Etc/GMT-12","Etc/GMT-12"
"pt","Etc/GMT-13","Etc/GMT-13"
"pt","Etc/GMT-14","Etc/GMT-14"
"pt","Etc/GMT-2","Etc/GMT-2"
"pt","Etc/GMT-3","Etc/GMT-3"
"pt","Etc/GMT-4","Etc/GMT-4"
"pt","Etc/GMT-5","Etc/GMT-5"
"pt","Etc/GMT-6","Etc/GMT-6"
"pt","Etc/GMT-7","Etc/GMT-7"
"pt","Etc/GMT-8","Etc/GMT-8"
"pt","Etc/GMT-9","Etc/GMT-9"
"pt","Etc/GMT0","Etc/GMT0"
"pt","Etc/Greenwich","Etc/Greenwich"
"pt","Etc/UCT","Etc/UCT"
"pt","Etc/UTC","Etc/UTC"
"pt","Etc/Universal","Etc/Universal"
"pt","Etc/Zulu","Etc/Zulu"
"pt","Europe/Amsterdam","Europa/Amesterdã"
"pt","Europe/Andorra","Europa/Andorra"
"pt","Europe/Astrakhan","Europa/Astracã"
"pt","Europe/Athens","Europa/Atenas"
"pt","Europe/Belfast","Europa/Belfast"
"pt","Europe/Belgrade","Europa/Belgrado"
"pt","Europe/Berlin","Europa/Berlim"
"pt","Europe/Bratislava","Europa/Bratislava"
"pt","Europe/Brussels","Europa/Bruxelas"
"pt","Europe/Bucharest","Europa/Bucareste"
"pt","Europe/Budapest","Europa/Budapeste"
"pt","Europe/Busingen","Europa/Büsingen"
"pt","Europe/Chisinau","Europa/Chisinau"
"pt","Europe/Copenhagen","Europa/Copenhague"
"pt","Europe/Dublin","Europa/Dublin"
"pt","Europe/Gibraltar","Europa/Gibraltar"
"pt","Europe/Guernsey","Europa/Guernsey"
"pt","Europe/Helsinki","Europa/Helsinque"
"pt","Europe/Isle_of_Man","Europa/Ilha de Man"
"pt","Europe/Istanbul","Europa/Istambul"
"pt","Europe/Jersey","Europa/Jersey"
"pt","Europe/Kaliningrad","Europa/Kaliningrado"
"pt","Europe/Kiev","Europa/Kiev"
"pt","Europe/Kirov","Europa/Kirov"
"pt","Europe/Kyiv","Europa/Kyiv"
"pt","Europe/Lisbon","Europa/Lisboa"
"pt","Europe/Ljubljana","Europa/Liubliana"
"pt","Europe/London","Europa/Londres"
"pt","Europe/Luxembourg","Europa/Luxemburgo"
"pt","Europe/Madrid","Europa/Madri"
"pt","Europe/Malta","Europa/Malta"
"pt","Europe/Mariehamn","Europa/Mariehamn"
"pt","Europe/Minsk","Europa/Minsk"
"pt","Europe/Monaco","Europa/Mônaco"
"pt","Europe/Moscow","Europa/Moscou"
"pt","Europe/Nicosia","Europa/Nicósia"
"pt","Europe/Oslo","Europa/Oslo"
"pt","Europe/Paris","Europa/Paris"
"pt","Europe/Podgorica","Europa/Podgorica"
"pt","Europe/Prague","Europa/Praga"
"pt","Europe/Riga","Europa/Riga"
"pt","Europe/Rome","Europa/Roma"
"pt","Europe/Samara","Europa/Samara"
"pt","Europe/San_Marino","Europa/San Marino"
"pt","Europe/Sarajevo","Europa/Sarajevo"
"pt","Europe/Saratov","Europa/Saratov"
"pt","Europe/Simferopol","Europa/Simferopol"
"pt","Europe/Skopje","Europa/Escópia"
"pt","Europe/Sofia","Europa/Sófia"
"pt","Europe/Stockholm","Europa/Estocolmo"
"pt","Europe/Tallinn","Europa/Talin"
"pt","Europe/Tirane","Europa/Tirana"
"pt","Europe/Tiraspol","Europa/Tiraspol"
"pt","Europe/Ulyanovsk","Europa/Ulianovsk"
"pt","Europe/Uzhgorod","Europa/Uzhhorod"
"pt","Europe/Vaduz","Europa/Vaduz"
"pt","Europe/Vatican","Europa/Vaticano"
"pt","Europe/Vienna","Europa/Viena"
"pt","Europe/Vilnius","Europa/Vilnius"
"pt","Europe/Volgograd","Europa/Volgogrado"
"pt","Europe/Warsaw","Europa/Varsóvia"
"pt","Europe/Zagreb","Europa/Zagreb"
"pt","Europe/Zaporozhye","Europa/Zaporizhzhya"
"pt","Europe/Zurich","Europa/Zurique"
"pt","GB","GB"
"pt","GB-Eire","GB-Eire"
"pt","GMT","GMT"
"pt","GMT+0","GMT+0"
"pt","GMT-0","GMT-0"
"pt","GMT0","GMT0"
"pt","Greenwich","Greenwich"
"pt","HST","HST"
"pt","Hongkong","Hong Kong"
"pt","Iceland","Islândia"
"pt","Indian/Antananarivo","Índia/Antananarivo"
"pt","Indian/Chagos","Índia/Chagos"
"pt","Indian/Christmas","Índia/Ilha do Natal"
"pt","Indian/Cocos","Índia/Cocos"
"pt","Indian/Comoro","Índia/Comores"
"pt","Indian/Kerguelen","Índia/Kerguelen"
"pt","Indian/Mahe","Índia/Mahé"
"pt","Indian/Maldives","Índia/Maldivas"
"pt","Indian/Mauritius","Índia/Maurício"
"pt","Indian/Mayotte","Índia/Mayotte"
"pt","Indian/Reunion","Índia/Reunião"
"pt","Iran","Irã"
"pt","Israel","Israel"
"pt","Jamaica","Jamaica"
"pt","Japan","Japão"
"pt","Kwajalein","Kwajalein"
"pt","Libya","Líbia"
"pt","MET","MET"
"pt","MST","MST"
"pt","MST7MDT","MST7MDT"
"pt","Mexico/BajaNorte","México/Baixa Califórnia do Norte"
"pt","Mexico/BajaSur","México/Baixa Califórnia do Sul"
"pt","Mexico/General","México/Geral"
"pt","NZ","NZ"
"pt","NZ-CHAT","NZ-CHAT"
"pt","Navajo","Navajo"
"pt","PRC","PRC"
"pt","PST8PDT","PST8PDT"
"pt","Pacific/Apia","Pacífico/Apia"
"pt","Pacific/Auckland","Pacífico/Auckland"
"pt","Pacific/Bougainville","Pacífico/Bougainville"
"pt","Pacific/Chatham","Pacífico/Chatham"
"pt","Pacific/Chuuk","Pacífico/Chuuk"
"pt","Pacific/Easter","Pacífico/Páscoa"
"pt","Pacific/Efate","Pacífico/Éfaté"
"pt","Pacific/Enderbury","Pacífico/Enderbury"
"pt","Pacific/Fakaofo","Pacífico/Fakaofo"
"pt","Pacific/Fiji","Pacífico/Fiji"
"pt","Pacific/Funafuti","Pacífico/Funafuti"
"pt","Pacific/Galapagos","Pacífico/Galápagos"
"pt","Pacific/Gambier","Pacífico/Gambier"
"pt","Pacific/Guadalcanal","Pacífico/Guadalcanal"
"pt","Pacific/Guam","Pacífico/Guam"
"pt","Pacific/Honolulu","Pacífico/Honolulu"
"pt","Pacific/Johnston","Pacífico/Johnston"
"pt","Pacific/Kanton","Pacífico / Kanton"
"pt","Pacific/Kiritimati","Pacífico/Kiritimati"
"pt","Pacific/Kosrae","Pacífico/Kosrae"
"pt","Pacific/Kwajalein","Pacífico/Kwajalein"
"pt","Pacific/Majuro","Pacífico/Majuro"
"pt","Pacific/Marquesas","Pacífico/Marquesas"
"pt","Pacific/Midway","Pacífico/Midway"
"pt","Pacific/Nauru","Pacífico/Nauru"
"pt","Pacific/Niue","Pacífico/Niue"
"pt","Pacific/Norfolk","Pacífico/Norfolk"
"pt","Pacific/Noumea","Pacífico/Nouméa"
"pt","Pacific/Pago_Pago","Pacífico/Pago Pago"
"pt","Pacific/Palau","Pacífico/Palau"
"pt","Pacific/Pitcairn","Pacífico/Picárnia"
"pt","Pacific/Pohnpei","Pacífico/Pohnpei"
"pt","Pacific/Ponape","Pacífico/Pohnpei"
"pt","Pacific/Port_Moresby","Pacífico/Porto Moresby"
"pt","Pacific/Rarotonga","Pacífico/Rarotonga"
"pt","Pacific/Saipan","Pacífico/Saipan"
"pt","Pacific/Samoa","Pacífico/Samoa"
"pt","Pacific/Tahiti","Pacífico/Taiti"
"pt","Pacific/Tarawa","Pacífico/Taraua"
"pt","Pacific/Tongatapu","Pacífico/Tongatapu"
"pt","Pacific/Truk","Pacífico/Chuuk"
"pt","Pacific/Wake","Pacífico/Wake"
"pt","Pacific/Wallis","Pacífico/Wallis"
"pt","Pacific/Yap","Pacífico/Yap"
"pt","Poland","Polônia"
"pt","Portugal","Portugal"
"pt","ROC","ROC"
"pt","ROK","ROK"
"pt","Singapore","Cingapura"
"pt","Turkey","Turquia"
"pt","UCT","UCT"
"pt","US/Alaska","EUA/Alasca"
"pt","US/Aleutian","EUA/Aleutas"
"pt","US/Arizona","EUA/Arizona"
"pt","US/Central","EUA/Central"
"pt","US/East-Indiana","EUA/Leste de Indiana"
"pt","US/Eastern","EUA/Leste"
"pt","US/Hawaii","EUA/Havaí"
"pt","US/Indiana-Starke","EUA/Strake de Indiana"
"pt","US/Michigan","EUA/Michigan"
"pt","US/Mountain","EUA/Mountain"
"pt","US/Pacific","EUA/Pacífico"
"pt","US/Samoa","EUA/Samoa"
"pt","UTC","UTC"
"pt","Universal","Universal"
"pt","W-SU","W-SU"
"pt","WET","WET"
"pt","Zulu","Zulu"