locale,code,name
"th","Africa/Abidjan","แอฟริกา / Abidjan"
"th","Africa/Accra","แอฟริกา / Accra"
"th","Africa/Addis_Ababa","แอฟริกา / Addis Ababa"
"th","Africa/Algiers","แอฟริกา / Algiers"
"th","Africa/Asmara","แอฟริกา / Asmara"
"th","Africa/Asmera","แอฟริกา / Asmera"
"th","Africa/Bamako","แอฟริกา / Bamako"
"th","Africa/Bangui","แอฟริกา / Bangui"
"th","Africa/Banjul","แอฟริกา / Banjul"
"th","Africa/Bissau","แอฟริกา / Bissau"
"th","Africa/Blantyre","แอฟริกา / Blantyre"
"th","Africa/Brazzaville","แอฟริกา / Brazzaville"
"th","Africa/Bujumbura","แอฟริกา / Bujumbura"
"th","Africa/Cairo","แอฟริกา / Cairo"
"th","Africa/Casablanca","แอฟริกา / Casablanca"
"th","Africa/Ceuta","แอฟริกา / Ceuta"
"th","Africa/Conakry","แอฟริกา / Conakry"
"th","Africa/Dakar","แอฟริกา / Dakar"
"th","Africa/Dar_es_Salaam","แอฟริกา / Dar es Salaam"
"th","Africa/Djibouti","แอฟริกา / Djibouti"
"th","Africa/Douala","แอฟริกา / Douala"
"th","Africa/El_Aaiun","แอฟริกา / El Aaiun"
"th","Africa/Freetown","แอฟริกา / Freetown"
"th","Africa/Gaborone","แอฟริกา / Gaborone"
"th","Africa/Harare","แอฟริกา / Harare"
"th","Africa/Johannesburg","แอฟริกา / Johannesburg"
"th","Africa/Juba","แอฟริกา / Juba"
"th","Africa/Kampala","แอฟริกา / Kampala"
"th","Africa/Khartoum","แอฟริกา / Khartoum"
"th","Africa/Kigali","แอฟริกา / Kigali"
"th","Africa/Kinshasa","แอฟริกา / Kinshasa"
"th","Africa/Lagos","แอฟริกา / Lagos"
"th","Africa/Libreville","แอฟริกา / Libreville"
"th","Africa/Lome","แอฟริกา / Lome"
"th","Africa/Luanda","แอฟริกา / Luanda"
"th","Africa/Lubumbashi","แอฟริกา / Lubumbashi"
"th","Africa/Lusaka","แอฟริกา / Lusaka"
"th","Africa/Malabo","แอฟริกา / Malabo"
"th","Africa/Maputo","แอฟริกา / Maputo"
"th","Africa/Maseru","แอฟริกา / Maseru"
"th","Africa/Mbabane","แอฟริกา / Mbabane"
"th","Africa/Mogadishu","แอฟริกา / Mogadishu"
"th","Africa/Monrovia","แอฟริกา / Monrovia"
"th","Africa/Nairobi","แอฟริกา / Nairobi"
"th","Africa/Ndjamena","แอฟริกา / Ndjamena"
"th","Africa/Niamey","แอฟริกา / Niamey"
"th","Africa/Nouakchott","แอฟริกา / Nouakchott"
"th","Africa/Ouagadougou","แอฟริกา / Ouagadougou"
"th","Africa/Porto-Novo","แอฟริกา / Porto-Novo"
"th","Africa/Sao_Tome","แอฟริกา / Sao Tome"
"th","Africa/Timbuktu","แอฟริกา / Timbuktu"
"th","Africa/Tripoli","แอฟริกา / Tripoli"
"th","Africa/Tunis","แอฟริกา / Tunis"
"th","Africa/Windhoek","แอฟริกา / Windhoek"
"th","America/Adak","อเมริกา / Adak"
"th","America/Anchorage","อเมริกา / Anchorage"
"th","America/Anguilla","อเมริกา / Anguilla"
"th","America/Antigua","อเมริกา / Antigua"
"th","America/Araguaina","อเมริกา / Araguaina"
"th","America/Argentina/Buenos_Aires","อเมริกา / อาร์เจนตินา / Buenos Aires"
"th","America/Argentina/Catamarca","อเมริกา / อาร์เจนตินา / Catamarca"
"th","America/Argentina/ComodRivadavia","อเมริกา / อาร์เจนตินา / Comodoro Rivadavia"
"th","America/Argentina/Cordoba","อเมริกา / อาร์เจนตินา / Cordoba"
"th","America/Argentina/Jujuy","อเมริกา / อาร์เจนตินา / Jujuy"
"th","America/Argentina/La_Rioja","อเมริกา / อาร์เจนตินา / La Rioja"
"th","America/Argentina/Mendoza","อเมริกา / อาร์เจนตินา / Mendoza"
"th","America/Argentina/Rio_Gallegos","อเมริกา / อาร์เจนตินา / Rio Gallegos"
"th","America/Argentina/Salta","อเมริกา / อาร์เจนตินา / Salta"
"th","America/Argentina/San_Juan","อเมริกา / อาร์เจนตินา / San Juan"
"th","America/Argentina/San_Luis","อเมริกา / อาร์เจนตินา / San Luis"
"th","America/Argentina/Tucuman","อเมริกา / อาร์เจนตินา / Tucuman"
"th","America/Argentina/Ushuaia","อเมริกา / อาร์เจนตินา / Ushuaia"
"th","America/Aruba","อเมริกา / Aruba"
"th","America/Asuncion","อเมริกา / Asuncion"
"th","America/Atikokan","อเมริกา / Atikokan"
"th","America/Atka","อเมริกา / Atka"
"th","America/Bahia","อเมริกา / Bahia"
"th","America/Bahia_Banderas","อเมริกา / Bahia Banderas"
"th","America/Barbados","อเมริกา / Barbados"
"th","America/Belem","อเมริกา / Belem"
"th","America/Belize","อเมริกา / Belize"
"th","America/Blanc-Sablon","อเมริกา / Blanc-Sablon"
"th","America/Boa_Vista","อเมริกา / Boa Vista"
"th","America/Bogota","อเมริกา / Bogota"
"th","America/Boise","อเมริกา / Boise"
"th","America/Buenos_Aires","อเมริกา / Buenos Aires"
"th","America/Cambridge_Bay","อเมริกา / Cambridge Bay"
"th","America/Campo_Grande","อเมริกา / Campo Grande"
"th","America/Cancun","อเมริกา / Cancun"
"th","America/Caracas","อเมริกา / Caracas"
"th","America/Catamarca","อเมริกา / Catamarca"
"th","America/Cayenne","อเมริกา / Cayenne"
"th","America/Cayman","อเมริกา / Cayman"
"th","America/Chicago","อเมริกา / Chicago"
"th","America/Chihuahua","อเมริกา / Chihuahua"
"th","America/Ciudad_Juarez","อเมริกา / Ciudad Juarez"
"th","America/Coral_Harbour","อเมริกา / Coral Harbour"
"th","America/Cordoba","อเมริกา / Cordoba"
"th","America/Costa_Rica","อเมริกา / Costa Rica"
"th","America/Creston","อเมริกา / Creston"
"th","America/Cuiaba","อเมริกา / Cuiaba"
"th","America/Curacao","อเมริกา / Curacao"
"th","America/Danmarkshavn","อเมริกา / Danmarkshavn"
"th","America/Dawson","อเมริกา / Dawson"
"th","America/Dawson_Creek","อเมริกา / Dawson Creek"
"th","America/Denver","อเมริกา / Denver"
"th","America/Detroit","อเมริกา / Detroit"
"th","America/Dominica","อเมริกา / Dominica"
"th","America/Edmonton","อเมริกา / Edmonton"
"th","America/Eirunepe","อเมริกา / Eirunepe"
"th","America/El_Salvador","อเมริกา / El Salvador"
"th","America/Ensenada","อเมริกา / Ensenada"
"th","America/Fort_Nelson","อเมริกา / Fort Nelson"
"th","America/Fort_Wayne","อเมริกา / Fort Wayne"
"th","America/Fortaleza","อเมริกา / Fortaleza"
"th","America/Glace_Bay","อเมริกา / Glace Bay"
"th","America/Godthab","อเมริกา / Godthab"
"th","America/Goose_Bay","อเมริกา / Goose Bay"
"th","America/Grand_Turk","อเมริกา / Grand Turk"
"th","America/Grenada","อเมริกา / Grenada"
"th","America/Guadeloupe","อเมริกา / Guadeloupe"
"th","America/Guatemala","อเมริกา / Guatemala"
"th","America/Guayaquil","อเมริกา / Guayaquil"
"th","America/Guyana","อเมริกา / Guyana"
"th","America/Halifax","อเมริกา / Halifax"
"th","America/Havana","อเมริกา / Havana"
"th","America/Hermosillo","อเมริกา / Hermosillo"
"th","America/Indiana/Indianapolis","อเมริกา / Indiana / Indianapolis"
"th","America/Indiana/Knox","อเมริกา / Indiana / Knox"
"th","America/Indiana/Marengo","อเมริกา / Indiana / Marengo"
"th","America/Indiana/Petersburg","อเมริกา / Indiana / Petersburg"
"th","America/Indiana/Tell_City","อเมริกา / Indiana / Tell City"
"th","America/Indiana/Vevay","อเมริกา / Indiana / Vevay"
"th","America/Indiana/Vincennes","อเมริกา / Indiana / Vincennes"
"th","America/Indiana/Winamac","อเมริกา / Indiana / Winamac"
"th","America/Indianapolis","อเมริกา / Indianapolis"
"th","America/Inuvik","อเมริกา / Inuvik"
"th","America/Iqaluit","อเมริกา / Iqaluit"
"th","America/Jamaica","อเมริกา / จาเมกา"
"th","America/Jujuy","อเมริกา / Jujuy"
"th","America/Juneau","อเมริกา / Juneau"
"th","America/Kentucky/Louisville","อเมริกา / Kentucky / Louisville"
"th","America/Kentucky/Monticello","อเมริกา / Kentucky / Monticello"
"th","America/Knox_IN","อเมริกา / Knox IN"
"th","America/Kralendijk","อเมริกา / Kralendijk"
"th","America/La_Paz","อเมริกา / La Paz"
"th","America/Lima","อเมริกา / Lima"
"th","America/Los_Angeles","อเมริกา / Los Angeles"
"th","America/Louisville","อเมริกา / Louisville"
"th","America/Lower_Princes","อเมริกา / Lower Princes"
"th","America/Maceio","อเมริกา / Maceio"
"th","America/Managua","อเมริกา / Managua"
"th","America/Manaus","อเมริกา / Manaus"
"th","America/Marigot","อเมริกา / Marigot"
"th","America/Martinique","อเมริกา / Martinique"
"th","America/Matamoros","อเมริกา / Matamoros"
"th","America/Mazatlan","อเมริกา / Mazatlan"
"th","America/Mendoza","อเมริกา / Mendoza"
"th","America/Menominee","อเมริกา / Menominee"
"th","America/Merida","อเมริกา / Merida"
"th","America/Metlakatla","อเมริกา / Metlakatla"
"th","America/Mexico_City","อเมริกา / Mexico City"
"th","America/Miquelon","อเมริกา / Miquelon"
"th","America/Moncton","อเมริกา / Moncton"
"th","America/Monterrey","อเมริกา / Monterrey"
"th","America/Montevideo","อเมริกา / Montevideo"
"th","America/Montreal","อเมริกา / Montreal"
"th","America/Montserrat","อเมริกา / Montserrat"
"th","America/Nassau","อเมริกา / Nassau"
"th","America/New_York","อเมริกา / New York"
"th","America/Nipigon","อเมริกา / Nipigon"
"th","America/Nome","อเมริกา / Nome"
"th","America/Noronha","อเมริกา / Noronha"
"th","America/North_Dakota/Beulah","อเมริกา / North Dakota / Beulah"
"th","America/North_Dakota/Center","อเมริกา / North Dakota / Center"
"th","America/North_Dakota/New_Salem","อเมริกา / North Dakota / New Salem"
"th","America/Nuuk","อเมริกา / Nuuk"
"th","America/Ojinaga","อเมริกา / Ojinaga"
"th","America/Panama","อเมริกา / Panama"
"th","America/Pangnirtung","อเมริกา / Pangnirtung"
"th","America/Paramaribo","อเมริกา / Paramaribo"
"th","America/Phoenix","อเมริกา / Phoenix"
"th","America/Port-au-Prince","อเมริกา / Port-au-Prince"
"th","America/Port_of_Spain","อเมริกา / Port of Spain"
"th","America/Porto_Acre","อเมริกา / Porto Acre"
"th","America/Porto_Velho","อเมริกา / Porto Velho"
"th","America/Puerto_Rico","อเมริกา / Puerto Rico"
"th","America/Punta_Arenas","อเมริกา / Punta Arenas"
"th","America/Rainy_River","อเมริกา / Rainy River"
"th","America/Rankin_Inlet","อเมริกา / Rankin Inlet"
"th","America/Recife","อเมริกา / Recife"
"th","America/Regina","อเมริกา / Regina"
"th","America/Resolute","อเมริกา / Resolute"
"th","America/Rio_Branco","อเมริกา / Rio Branco"
"th","America/Rosario","อเมริกา / Rosario"
"th","America/Santa_Isabel","อเมริกา / Santa Isabel"
"th","America/Santarem","อเมริกา / Santarem"
"th","America/Santiago","อเมริกา / Santiago"
"th","America/Santo_Domingo","อเมริกา / Santo Domingo"
"th","America/Sao_Paulo","อเมริกา / Sao Paulo"
"th","America/Scoresbysund","อเมริกา / Scoresbysund"
"th","America/Shiprock","อเมริกา / Shiprock"
"th","America/Sitka","อเมริกา / Sitka"
"th","America/St_Barthelemy","อเมริกา / St. Barthelemy"
"th","America/St_Johns","อเมริกา / St. Johns"
"th","America/St_Kitts","อเมริกา / St. Kitts"
"th","America/St_Lucia","อเมริกา / St. Lucia"
"th","America/St_Thomas","อเมริกา / St. Thomas"
"th","America/St_Vincent","อเมริกา / St. Vincent"
"th","America/Swift_Current","อเมริกา / Swift Current"
"th","America/Tegucigalpa","อเมริกา / Tegucigalpa"
"th","America/Thule","อเมริกา / Thule"
"th","America/Thunder_Bay","อเมริกา / Thunder Bay"
"th","America/Tijuana","อเมริกา / Tijuana"
"th","America/Toronto","อเมริกา / Toronto"
"th","America/Tortola","อเมริกา / Tortola"
"th","America/Vancouver","อเมริกา / Vancouver"
"th","America/Virgin","อเมริกา / Virgin"
"th","America/Whitehorse","อเมริกา / Whitehorse"
"th","America/Winnipeg","อเมริกา / Winnipeg"
"th","America/Yakutat","อเมริกา / Yakutat"
"th","America/Yellowknife","อเมริกา / Yellowknife"
"th","Antarctica/Casey","แอนตาร์กติกา / Casey"
"th","Antarctica/Davis","แอนตาร์กติกา / Davis"
"th","Antarctica/DumontDUrville","แอนตาร์กติกา / Dumont d'Urville"
"th","Antarctica/Macquarie","แอนตาร์กติกา / Macquarie"
"th","Antarctica/Mawson","แอนตาร์กติกา / Mawson"
"th","Antarctica/McMurdo","แอนตาร์กติกา / McMurdo"
"th","Antarctica/Palmer","แอนตาร์กติกา / Palmer"
"th","Antarctica/Rothera","แอนตาร์กติกา / Rothera"
"th","Antarctica/South_Pole","แอนตาร์กติกา / South Pole"
"th","Antarctica/Syowa","แอนตาร์กติกา / Syowa"
"th","Antarctica/Troll","แอนตาร์กติกา / Troll"
"th","Antarctica/Vostok","แอนตาร์กติกา / Vostok"
"th","Arctic/Longyearbyen","อาร์กติก / Longyearbyen"
"th","Asia/Aden","เอเชีย / Aden"
"th","Asia/Almaty","เอเชีย / Almaty"
"th","Asia/Amman","เอเชีย / Amman"
"th","Asia/Anadyr","เอเชีย / Anadyr"
"th","Asia/Aqtau","เอเชีย / Aqtau"
"th","Asia/Aqtobe","เอเชีย / Aqtobe"
"th","Asia/Ashgabat","เอเชีย / Ashgabat"
"th","Asia/Ashkhabad","เอเชีย / Ashkhabad"
"th","Asia/Atyrau","เอเชีย / Atyrau"
"th","Asia/Baghdad","เอเชีย / Baghdad"
"th","Asia/Bahrain","เอเชีย / บาห์เรน"
"th","Asia/Baku","เอเชีย / Baku"
"th","Asia/Bangkok","เอเชีย / Bangkok"
"th","Asia/Barnaul","เอเชีย / Barnaul"
"th","Asia/Beirut","เอเชีย / Beirut"
"th","Asia/Bishkek","เอเชีย / Bishkek"
"th","Asia/Brunei","เอเชีย / บรูไน"
"th","Asia/Calcutta","เอเชีย / Calcutta"
"th","Asia/Chita","เอเชีย / Chita"
"th","Asia/Choibalsan","เอเชีย / Choibalsan"
"th","Asia/Chongqing","เอเชีย / Chongqing"
"th","Asia/Chungking","เอเชีย / Chungking"
"th","Asia/Colombo","เอเชีย / Colombo"
"th","Asia/Dacca","เอเชีย / Dacca"
"th","Asia/Damascus","เอเชีย / Damascus"
"th","Asia/Dhaka","เอเชีย / Dhaka"
"th","Asia/Dili","เอเชีย / Dili"
"th","Asia/Dubai","เอเชีย / Dubai"
"th","Asia/Dushanbe","เอเชีย / Dushanbe"
"th","Asia/Famagusta","เอเชีย / Famagusta"
"th","Asia/Gaza","เอเชีย / Gaza"
"th","Asia/Harbin","เอเชีย / Harbin"
"th","Asia/Hebron","เอเชีย / Hebron"
"th","Asia/Ho_Chi_Minh","เอเชีย / Ho Chi Minh"
"th","Asia/Hong_Kong","เอเชีย / ฮ่องกง"
"th","Asia/Hovd","เอเชีย / Hovd"
"th","Asia/Irkutsk","เอเชีย / Irkutsk"
"th","Asia/Istanbul","เอเชีย / Istanbul"
"th","Asia/Jakarta","เอเชีย / Jakarta"
"th","Asia/Jayapura","เอเชีย / Jayapura"
"th","Asia/Jerusalem","เอเชีย / Jerusalem"
"th","Asia/Kabul","เอเชีย / Kabul"
"th","Asia/Kamchatka","เอเชีย / Kamchatka"
"th","Asia/Karachi","เอเชีย / Karachi"
"th","Asia/Kashgar","เอเชีย / Kashgar"
"th","Asia/Kathmandu","เอเชีย / Kathmandu"
"th","Asia/Katmandu","เอเชีย / Katmandu"
"th","Asia/Khandyga","เอเชีย / Khandyga"
"th","Asia/Kolkata","เอเชีย / Kolkata"
"th","Asia/Krasnoyarsk","เอเชีย / Krasnoyarsk"
"th","Asia/Kuala_Lumpur","เอเชีย / Kuala Lumpur"
"th","Asia/Kuching","เอเชีย / Kuching"
"th","Asia/Kuwait","เอเชีย / คูเวต"
"th","Asia/Macao","เอเชีย / มาเก๊า"
"th","Asia/Macau","เอเชีย / Macau"
"th","Asia/Magadan","เอเชีย / Magadan"
"th","Asia/Makassar","เอเชีย / Makassar"
"th","Asia/Manila","เอเชีย / Manila"
"th","Asia/Muscat","เอเชีย / Muscat"
"th","Asia/Nicosia","เอเชีย / Nicosia"
"th","Asia/Novokuznetsk","เอเชีย / Novokuznetsk"
"th","Asia/Novosibirsk","เอเชีย / Novosibirsk"
"th","Asia/Omsk","เอเชีย / Omsk"
"th","Asia/Oral","เอเชีย / Oral"
"th","Asia/Phnom_Penh","เอเชีย / Phnom Penh"
"th","Asia/Pontianak","เอเชีย / Pontianak"
"th","Asia/Pyongyang","เอเชีย / Pyongyang"
"th","Asia/Qatar","เอเชีย / กาตาร์"
"th","Asia/Qostanay","เอเชีย / Qostanay"
"th","Asia/Qyzylorda","เอเชีย / Qyzylorda"
"th","Asia/Rangoon","เอเชีย / Rangoon"
"th","Asia/Riyadh","เอเชีย / Riyadh"
"th","Asia/Saigon","เอเชีย / Saigon"
"th","Asia/Sakhalin","เอเชีย / Sakhalin"
"th","Asia/Samarkand","เอเชีย / Samarkand"
"th","Asia/Seoul","เอเชีย / Seoul"
"th","Asia/Shanghai","เอเชีย / Shanghai"
"th","Asia/Singapore","เอเชีย / สิงคโปร์"
"th","Asia/Srednekolymsk","เอเชีย / Srednekolymsk"
"th","Asia/Taipei","เอเชีย / Taipei"
"th","Asia/Tashkent","เอเชีย / Tashkent"
"th","Asia/Tbilisi","เอเชีย / Tbilisi"
"th","Asia/Tehran","เอเชีย / Tehran"
"th","Asia/Tel_Aviv","เอเชีย / Tel Aviv"
"th","Asia/Thimbu","เอเชีย / Thimbu"
"th","Asia/Thimphu","เอเชีย / Thimphu"
"th","Asia/Tokyo","เอเชีย / Tokyo"
"th","Asia/Tomsk","เอเชีย / Tomsk"
"th","Asia/Ujung_Pandang","เอเชีย / Ujung Pandang"
"th","Asia/Ulaanbaatar","เอเชีย / Ulaanbaatar"
"th","Asia/Ulan_Bator","เอเชีย / Ulan Bator"
"th","Asia/Urumqi","เอเชีย / Urumqi"
"th","Asia/Ust-Nera","เอเชีย / Ust-Nera"
"th","Asia/Vientiane","เอเชีย / Vientiane"
"th","Asia/Vladivostok","เอเชีย / Vladivostok"
"th","Asia/Yakutsk","เอเชีย / Yakutsk"
"th","Asia/Yangon","เอเชีย / Yangon"
"th","Asia/Yekaterinburg","เอเชีย / Yekaterinburg"
"th","Asia/Yerevan","เอเชีย / Yerevan"
"th","Atlantic/Azores","แอตแลนติก / Azores"
"th","Atlantic/Bermuda","แอตแลนติก / Bermuda"
"th","Atlantic/Canary","แอตแลนติก / Canary"
"th","Atlantic/Cape_Verde","แอตแลนติก / Cape Verde"
"th","Atlantic/Faeroe","แอตแลนติก / Faeroe"
"th","Atlantic/Faroe","แอตแลนติก / Faroe"
"th","Atlantic/Jan_Mayen","แอตแลนติก / Jan Mayen"
"th","Atlantic/Madeira","แอตแลนติก / Madeira"
"th","Atlantic/Reykjavik","แอตแลนติก / Reykjavik"
"th","Atlantic/South_Georgia","แอตแลนติก / South Georgia"
"th","Atlantic/St_Helena","แอตแลนติก / St. Helena"
"th","Atlantic/Stanley","แอตแลนติก / Stanley"
"th","Australia/ACT","ออสเตรเลีย / ACT"
"th","Australia/Adelaide","ออสเตรเลีย / Adelaide"
"th","Australia/Brisbane","ออสเตรเลีย / Brisbane"
"th","Australia/Broken_Hill","ออสเตรเลีย / Broken Hill"
"th","Australia/Canberra","ออสเตรเลีย / Canberra"
"th","Australia/Currie","ออสเตรเลีย / Currie"
"th","Australia/Darwin","ออสเตรเลีย / Darwin"
"th","Australia/Eucla","ออสเตรเลีย / Eucla"
"th","Australia/Hobart","ออสเตรเลีย / Hobart"
"th","Australia/LHI","ออสเตรเลีย / LHI"
"th","Australia/Lindeman","ออสเตรเลีย / Lindeman"
"th","Australia/Lord_Howe","ออสเตรเลีย / Lord Howe"
"th","Australia/Melbourne","ออสเตรเลีย / Melbourne"
"th","Australia/NSW","ออสเตรเลีย / NSW"
"th","Australia/North","ออสเตรเลีย / North"
"th","Australia/Perth","ออสเตรเลีย / Perth"
"th","Australia/Queensland","ออสเตรเลีย / Queensland"
"th","Australia/South","ออสเตรเลีย / South"
"th","Australia/Sydney","ออสเตรเลีย / Sydney"
"th","Australia/Tasmania","ออสเตรเลีย / Tasmania"
"th","Australia/Victoria","ออสเตรเลีย / Victoria"
"th","Australia/West","ออสเตรเลีย / West"
"th","Australia/Yancowinna","ออสเตรเลีย / Yancowinna"
"th","Brazil/Acre","บราซิล / Acre"
"th","Brazil/DeNoronha","บราซิล / DeNoronha"
"th","Brazil/East","บราซิล / East"
"th","Brazil/West","บราซิล / West"
"th","CET","CET"
"th","CST6CDT","CST6CDT"
"th","Canada/Atlantic","แคนาดา / Atlantic"
"th","Canada/Central","แคนาดา / Central"
"th","Canada/Eastern","แคนาดา / Eastern"
"th","Canada/Mountain","แคนาดา / Mountain"
"th","Canada/Newfoundland","แคนาดา / Newfoundland"
"th","Canada/Pacific","แคนาดา / Pacific"
"th","Canada/Saskatchewan","แคนาดา / Saskatchewan"
"th","Canada/Yukon","แคนาดา / Yukon"
"th","Chile/Continental","ชิลี / Continental"
"th","Chile/EasterIsland","ชิลี / Easter Island"
"th","Cuba","คิวบา"
"th","EET","EET"
"th","EST","EST"
"th","EST5EDT","EST5EDT"
"th","Egypt","อียิปต์"
"th","Eire","Eire"
"th","Etc/GMT","Etc / GMT"
"th","Etc/GMT+0","Etc / GMT+0"
"th","Etc/GMT+1","Etc / GMT+1"
"th","Etc/GMT+10","Etc / GMT+10"
"th","Etc/GMT+11","Etc / GMT+11"
"th","Etc/GMT+12","Etc / GMT+12"
"th","Etc/GMT+2","Etc / GMT+2"
"th","Etc/GMT+3","Etc / GMT+3"
"th","Etc/GMT+4","Etc / GMT+4"
"th","Etc/GMT+5","Etc / GMT+5"
"th","Etc/GMT+6","Etc / GMT+6"
"th","Etc/GMT+7","Etc / GMT+7"
"th","Etc/GMT+8","Etc / GMT+8"
"th","Etc/GMT+9","Etc / GMT+9"
"th","Etc/GMT-0","Etc / GMT-0"
"th","Etc/GMT-1","Etc / GMT-1"
"th","Etc/GMT-10","Etc / GMT-10"
"th","Etc/GMT-11","Etc / GMT-11"
"th","Etc/GMT-12","Etc / GMT-12"
"th","Etc/GMT-13","Etc / GMT-13"
"th","Etc/GMT-14","Etc / GMT-14"
"th","Etc/GMT-2","Etc / GMT-2"
"th","Etc/GMT-3","Etc / GMT-3"
"th","Etc/GMT-4","Etc / GMT-4"
"th","Etc/GMT-5","Etc / GMT-5"
"th","Etc/GMT-6","Etc / GMT-6"
"th","Etc/GMT-7","Etc / GMT-7"
"th","Etc/GMT-8","Etc / GMT-8"
"th","Etc/GMT-9","Etc / GMT-9"
"th","Etc/GMT0","Etc / GMT0"
"th","Etc/Greenwich","Etc / Greenwich"
"th","Etc/UCT","Etc / UCT"
"th","Etc/UTC","Etc / UTC"
"th","Etc/Universal","Etc / Universal"
"th","Etc/Zulu","Etc / Zulu"
"th","Europe/Amsterdam","ยุโรป / Amsterdam"
"th","Europe/Andorra","ยุโรป / Andorra"
"th","Europe/Astrakhan","ยุโรป / Astrakhan"
"th","Europe/Athens","ยุโรป / Athens"
"th","Europe/Belfast","ยุโรป / Belfast"
"th","Europe/Belgrade","ยุโรป / Belgrade"
"th","Europe/Berlin","ยุโรป / Berlin"
"th","Europe/Bratislava","ยุโรป / Bratislava"
"th","Europe/Brussels","ยุโรป / Brussels"
"th","Europe/Bucharest","ยุโรป / Bucharest"
"th","Europe/Budapest","ยุโรป / Budapest"
"th","Europe/Busingen","ยุโรป / Busingen"
"th","Europe/Chisinau","ยุโรป / Chisinau"
"th","Europe/Copenhagen","ยุโรป / Copenhagen"
"th","Europe/Dublin","ยุโรป / Dublin"
"th","Europe/Gibraltar","ยุโรป / Gibraltar"
"th","Europe/Guernsey","ยุโรป / Guernsey"
"th","Europe/Helsinki","ยุโรป / Helsinki"
"th","Europe/Isle_of_Man","ยุโรป / Isle of Man"
"th","Europe/Istanbul","ยุโรป / Istanbul"
"th","Europe/Jersey","ยุโรป / Jersey"
"th","Europe/Kaliningrad","ยุโรป / Kaliningrad"
"th","Europe/Kiev","ยุโรป / Kiev"
"th","Europe/Kirov","ยุโรป / Kirov"
"th","Europe/Kyiv","ยุโรป / Kyiv"
"th","Europe/Lisbon","ยุโรป / Lisbon"
"th","Europe/Ljubljana","ยุโรป / Ljubljana"
"th","Europe/London","ยุโรป / London"
"th","Europe/Luxembourg","ยุโรป / Luxembourg"
"th","Europe/Madrid","ยุโรป / Madrid"
"th","Europe/Malta","ยุโรป / Malta"
"th","Europe/Mariehamn","ยุโรป / Mariehamn"
"th","Europe/Minsk","ยุโรป / Minsk"
"th","Europe/Monaco","ยุโรป / Monaco"
"th","Europe/Moscow","ยุโรป / Moscow"
"th","Europe/Nicosia","ยุโรป / Nicosia"
"th","Europe/Oslo","ยุโรป / Oslo"
"th","Europe/Paris","ยุโรป / Paris"
"th","Europe/Podgorica","ยุโรป / Podgorica"
"th","Europe/Prague","ยุโรป / Prague"
"th","Europe/Riga","ยุโรป / Riga"
"th","Europe/Rome","ยุโรป / Rome"
"th","Europe/Samara","ยุโรป / Samara"
"th","Europe/San_Marino","ยุโรป / San Marino"
"th","Europe/Sarajevo","ยุโรป / Sarajevo"
"th","Europe/Saratov","ยุโรป / Saratov"
"th","Europe/Simferopol","ยุโรป / Simferopol"
"th","Europe/Skopje","ยุโรป / Skopje"
"th","Europe/Sofia","ยุโรป / Sofia"
"th","Europe/Stockholm","ยุโรป / Stockholm"
"th","Europe/Tallinn","ยุโรป / Tallinn"
"th","Europe/Tirane","ยุโรป / Tirane"
"th","Europe/Tiraspol","ยุโรป / Tiraspol"
"th","Europe/Ulyanovsk","ยุโรป / Ulyanovsk"
"th","Europe/Uzhgorod","ยุโรป / Uzhgorod"
"th","Europe/Vaduz","ยุโรป / Vaduz"
"th","Europe/Vatican","ยุโรป / Vatican"
"th","Europe/Vienna","ยุโรป / Vienna"
"th","Europe/Vilnius","ยุโรป / Vilnius"
"th","Europe/Volgograd","ยุโรป / Volgograd"
"th","Europe/Warsaw","ยุโรป / Warsaw"
"th","Europe/Zagreb","ยุโรป / Zagreb"
"th","Europe/Zaporozhye","ยุโรป / Zaporozhye"
"th","Europe/Zurich","ยุโรป / Zurich"
"th","GB","GB"
"th","GB-Eire","GB-Eire"
"th","GMT","GMT"
"th","GMT+0","GMT+0"
"th","GMT-0","GMT-0"
"th","GMT0","GMT0"
"th","Greenwich","Greenwich"
"th","HST","HST"
"th","Hongkong","ฮ่องกง"
"th","Iceland","ไอซ์แลนด์"
"th","Indian/Antananarivo","อินเดีย / Antananarivo"
"th","Indian/Chagos","อินเดีย / Chagos"
"th","Indian/Christmas","อินเดีย / Christmas"
"th","Indian/Cocos","อินเดีย / Cocos"
"th","Indian/Comoro","อินเดีย / Comoro"
"th","Indian/Kerguelen","อินเดีย / Kerguelen"
"th","Indian/Mahe","อินเดีย / Mahe"
"th","Indian/Maldives","อินเดีย / Maldives"
"th","Indian/Mauritius","อินเดีย / Mauritius"
"th","Indian/Mayotte","อินเดีย / Mayotte"
"th","Indian/Reunion","อินเดีย / Reunion"
"th","Iran","อิหร่าน"
"th","Israel","อิสราเอล"
"th","Jamaica","จาเมกา"
"th","Japan","ญี่ปุ่น"
"th","Kwajalein","Kwajalein"
"th","Libya","ลิเบีย"
"th","MET","MET"
"th","MST","เวลาแถบภูเขา (Denver)"
"th","MST7MDT","MST7MDT"
"th","Mexico/BajaNorte","เม็กซิโก / Baja Norte"
"th","Mexico/BajaSur","เม็กซิโก / Baja Sur"
"th","Mexico/General","เม็กซิโก / General"
"th","NZ","NZ"
"th","NZ-CHAT","NZ-CHAT"
"th","Navajo","Navajo"
"th","PRC","PRC"
"th","PST8PDT","PST8PDT"
"th","Pacific/Apia","แปซิฟิก / Apia"
"th","Pacific/Auckland","แปซิฟิก / Auckland"
"th","Pacific/Bougainville","แปซิฟิก / Bougainville"
"th","Pacific/Chatham","แปซิฟิก / Chatham"
"th","Pacific/Chuuk","แปซิฟิก / Chuuk"
"th","Pacific/Easter","แปซิฟิก / Easter"
"th","Pacific/Efate","แปซิฟิก / Efate"
"th","Pacific/Enderbury","แปซิฟิก / Enderbury"
"th","Pacific/Fakaofo","แปซิฟิก / Fakaofo"
"th","Pacific/Fiji","แปซิฟิก / Fiji"
"th","Pacific/Funafuti","แปซิฟิก / Funafuti"
"th","Pacific/Galapagos","แปซิฟิก / Galapagos"
"th","Pacific/Gambier","แปซิฟิก / Gambier"
"th","Pacific/Guadalcanal","แปซิฟิก / Guadalcanal"
"th","Pacific/Guam","แปซิฟิก / Guam"
"th","Pacific/Honolulu","แปซิฟิก / Honolulu"
"th","Pacific/Johnston","แปซิฟิก / Johnston"
"th","Pacific/Kanton","แปซิฟิก / Kanton"
"th","Pacific/Kiritimati","แปซิฟิก / Kiritimati"
"th","Pacific/Kosrae","แปซิฟิก / Kosrae"
"th","Pacific/Kwajalein","แปซิฟิก / Kwajalein"
"th","Pacific/Majuro","แปซิฟิก / Majuro"
"th","Pacific/Marquesas","แปซิฟิก / Marquesas"
"th","Pacific/Midway","แปซิฟิก / Midway"
"th","Pacific/Nauru","แปซิฟิก / Nauru"
"th","Pacific/Niue","แปซิฟิก / Niue"
"th","Pacific/Norfolk","แปซิฟิก / Norfolk"
"th","Pacific/Noumea","แปซิฟิก / Noumea"
"th","Pacific/Pago_Pago","แปซิฟิก / Pago Pago"
"th","Pacific/Palau","แปซิฟิก / Palau"
"th","Pacific/Pitcairn","แปซิฟิก / Pitcairn"
"th","Pacific/Pohnpei","แปซิฟิก / Pohnpei"
"th","Pacific/Ponape","แปซิฟิก / Ponape"
"th","Pacific/Port_Moresby","แปซิฟิก / Port Moresby"
"th","Pacific/Rarotonga","แปซิฟิก / Rarotonga"
"th","Pacific/Saipan","แปซิฟิก / Saipan"
"th","Pacific/Samoa","แปซิฟิก / Samoa"
"th","Pacific/Tahiti","แปซิฟิก / Tahiti"
"th","Pacific/Tarawa","แปซิฟิก / Tarawa"
"th","Pacific/Tongatapu","แปซิฟิก / Tongatapu"
"th","Pacific/Truk","แปซิฟิก / Truk"
"th","Pacific/Wake","แปซิฟิก / Wake"
"th","Pacific/Wallis","แปซิฟิก / Wallis"
"th","Pacific/Yap","แปซิฟิก / Yap"
"th","Poland","โปแลนด์"
"th","Portugal","โปรตุเกส"
"th","ROC","ROC"
"th","ROK","ROK"
"th","Singapore","สิงคโปร์"
"th","Turkey","ตุรกี"
"th","UCT","UCT"
"th","US/Alaska","สหรัฐอเมริกา / Alaska"
"th","US/Aleutian","สหรัฐอเมริกา / Aleutian"
"th","US/Arizona","สหรัฐอเมริกา / Arizona"
"th","US/Central","สหรัฐอเมริกา / Central"
"th","US/East-Indiana","สหรัฐอเมริกา / East-Indiana"
"th","US/Eastern","สหรัฐอเมริกา / Eastern"
"th","US/Hawaii","สหรัฐอเมริกา / Hawaii"
"th","US/Indiana-Starke","สหรัฐอเมริกา / Indiana-Starke"
"th","US/Michigan","สหรัฐอเมริกา / Michigan"
"th","US/Mountain","สหรัฐอเมริกา / Mountain"
"th","US/Pacific","สหรัฐอเมริกา / Pacific"
"th","US/Samoa","สหรัฐอเมริกา / Samoa"
"th","UTC","UTC"
"th","Universal","Universal"
"th","W-SU","W-SU"
"th","WET","WET"
"th","Zulu","Zulu"