locale,code,name
"fr","Africa/Abidjan","Afrique / Abidjan"
"fr","Africa/Accra","Afrique / Accra"
"fr","Africa/Addis_Ababa","Afrique / Addis-Abeba"
"fr","Africa/Algiers","Afrique / Alger"
"fr","Africa/Asmara","Afrique / Asmara"
"fr","Africa/Asmera","Afrique / Asmera"
"fr","Africa/Bamako","Afrique / Bamako"
"fr","Africa/Bangui","Afrique / Bangui"
"fr","Africa/Banjul","Afrique / Banjul"
"fr","Africa/Bissau","Afrique / Bissau"
"fr","Africa/Blantyre","Afrique / Blantyre"
"fr","Africa/Brazzaville","Afrique / Brazzaville"
"fr","Africa/Bujumbura","Afrique / Bujumbura"
"fr","Africa/Cairo","Afrique / Le Caire"
"fr","Africa/Casablanca","Afrique / Casablanca"
"fr","Africa/Ceuta","Afrique / Ceuta"
"fr","Africa/Conakry","Afrique / Conakry"
"fr","Africa/Dakar","Afrique / Dakar"
"fr","Africa/Dar_es_Salaam","Afrique / Dar es Salaam"
"fr","Africa/Djibouti","Afrique / Djibouti"
"fr","Africa/Douala","Afrique / Douala"
"fr","Africa/El_Aaiun","Afrique / Laâyoune"
"fr","Africa/Freetown","Afrique / Freetown"
"fr","Africa/Gaborone","Afrique / Gaborone"
"fr","Africa/Harare","Afrique / Harare"
"fr","Africa/Johannesburg","Afrique / Johannesbourg"
"fr","Africa/Juba","Afrique / Djouba"
"fr","Africa/Kampala","Afrique / Kampala"
"fr","Africa/Khartoum","Afrique / Khartoum"
"fr","Africa/Kigali","Afrique / Kigali"
"fr","Africa/Kinshasa","Afrique / Kinshasa"
"fr","Africa/Lagos","Afrique / Lagos"
"fr","Africa/Libreville","Afrique / Libreville"
"fr","Africa/Lome","Afrique / Lomé"
"fr","Africa/Luanda","Afrique / Luanda"
"fr","Africa/Lubumbashi","Afrique / Lubumbashi"
"fr","Africa/Lusaka","Afrique / Lusaka"
"fr","Africa/Malabo","Afrique / Malabo"
"fr","Africa/Maputo","Afrique / Maputo"
"fr","Africa/Maseru","Afrique / Maseru"
"fr","Africa/Mbabane","Afrique / Mbabane"
"fr","Africa/Mogadishu","Afrique / Mogadiscio"
"fr","Africa/Monrovia","Afrique / Monrovia"
"fr","Africa/Nairobi","Afrique / Nairobi"
"fr","Africa/Ndjamena","Afrique / N'Djaména"
"fr","Africa/Niamey","Afrique / Niamey"
"fr","Africa/Nouakchott","Afrique / Nouakchott"
"fr","Africa/Ouagadougou","Afrique / Ouagadougou"
"fr","Africa/Porto-Novo","Afrique / Porto-Novo"
"fr","Africa/Sao_Tome","Afrique / São Tomé-et-Principe"
"fr","Africa/Timbuktu","Afrique / Tombouctou"
"fr","Africa/Tripoli","Afrique / Tripoli"
"fr","Africa/Tunis","Afrique / Tunis"
"fr","Africa/Windhoek","Afrique / Windhoek"
"fr","America/Adak","Amérique / Adak"
"fr","America/Anchorage","Amérique / Anchorage"
"fr","America/Anguilla","Amérique / Anguilla"
"fr","America/Antigua","Amérique / Antigua"
"fr","America/Araguaina","Amérique / Araguaína"
"fr","America/Argentina/Buenos_Aires","Amérique / Argentine / Buenos Aires"
"fr","America/Argentina/Catamarca","Amérique / Argentine / Catamarca"
"fr","America/Argentina/ComodRivadavia","Amérique / Argentine / Comodoro Rivadavia"
"fr","America/Argentina/Cordoba","Amérique / Argentine / Córdoba"
"fr","America/Argentina/Jujuy","Amérique / Argentine / Jujuy"
"fr","America/Argentina/La_Rioja","Amérique / Argentine / La Rioja"
"fr","America/Argentina/Mendoza","Amérique / Argentine / Mendoza"
"fr","America/Argentina/Rio_Gallegos","Amérique / Argentine / Río Gallegos"
"fr","America/Argentina/Salta","Amérique / Argentine / Salta"
"fr","America/Argentina/San_Juan","Amérique / Argentine / San Juan"
"fr","America/Argentina/San_Luis","Amérique / Argentine / San Luis"
"fr","America/Argentina/Tucuman","Amérique / Argentine / Tucumán"
"fr","America/Argentina/Ushuaia","Amérique / Argentine / Ushuaïa"
"fr","America/Aruba","Amérique / Aruba"
"fr","America/Asuncion","Amérique / Asunción"
"fr","America/Atikokan","Amérique / Atikokan"
"fr","America/Atka","Amérique / Atka"
"fr","America/Bahia","Amérique / Bahia"
"fr","America/Bahia_Banderas","Amérique / Bahía de Banderas"
"fr","America/Barbados","Amérique / Barbade"
"fr","America/Belem","Amérique / Belém"
"fr","America/Belize","Amérique / Belize"
"fr","America/Blanc-Sablon","Amérique / Blanc-Sablon"
"fr","America/Boa_Vista","Amérique / Boa Vista"
"fr","America/Bogota","Amérique / Bogota"
"fr","America/Boise","Amérique / Boise"
"fr","America/Buenos_Aires","Amérique / Buenos Aires"
"fr","America/Cambridge_Bay","Amérique / Cambridge Bay"
"fr","America/Campo_Grande","Amérique / Campo Grande"
"fr","America/Cancun","Amérique / Cancún"
"fr","America/Caracas","Amérique / Caracas"
"fr","America/Catamarca","Amérique / Catamarca"
"fr","America/Cayenne","Amérique / Cayenne"
"fr","America/Cayman","Amérique / Caïmans"
"fr","America/Chicago","Amérique / Chicago"
"fr","America/Chihuahua","Amérique / Chihuahua"
"fr","America/Ciudad_Juarez","Amérique / Ciudad Juárez"
"fr","America/Coral_Harbour","Amérique / Coral Harbour"
"fr","America/Cordoba","Amérique / Córdoba"
"fr","America/Costa_Rica","Amérique / Costa Rica"
"fr","America/Creston","Amérique / Creston"
"fr","America/Cuiaba","Amérique / Cuiabá"
"fr","America/Curacao","Amérique / Curaçao"
"fr","America/Danmarkshavn","Amérique / Danmarkshavn"
"fr","America/Dawson","Amérique / Dawson"
"fr","America/Dawson_Creek","Amérique / Dawson Creek"
"fr","America/Denver","Amérique / Denver"
"fr","America/Detroit","Amérique / Détroit"
"fr","America/Dominica","Amérique / Dominique"
"fr","America/Edmonton","Amérique / Edmonton"
"fr","America/Eirunepe","Amérique / Eirunepé"
"fr","America/El_Salvador","Amérique / El Salvador"
"fr","America/Ensenada","Amérique / Ensenada"
"fr","America/Fort_Nelson","Amérique / Fort Nelson"
"fr","America/Fort_Wayne","Amérique / Fort Wayne"
"fr","America/Fortaleza","Amérique / Fortaleza"
"fr","America/Glace_Bay","Amérique / Glace Bay"
"fr","America/Godthab","Amérique / Nuuk"
"fr","America/Goose_Bay","Amérique / Goose Bay"
"fr","America/Grand_Turk","Amérique / Grand Turk"
"fr","America/Grenada","Amérique / Grenade"
"fr","America/Guadeloupe","Amérique / Guadeloupe"
"fr","America/Guatemala","Amérique / Guatemala"
"fr","America/Guayaquil","Amérique / Guayaquil"
"fr","America/Guyana","Amérique / Guyana"
"fr","America/Halifax","Amérique / Halifax"
"fr","America/Havana","Amérique / La Havane"
"fr","America/Hermosillo","Amérique / Hermosillo"
"fr","America/Indiana/Indianapolis","Amérique / Indiana / Indianapolis"
"fr","America/Indiana/Knox","Amérique / Indiana / Knox"
"fr","America/Indiana/Marengo","Amérique / Indiana / Marengo"
"fr","America/Indiana/Petersburg","Amérique / Indiana / Petersburg"
"fr","America/Indiana/Tell_City","Amérique / Indiana / Tell City"
"fr","America/Indiana/Vevay","Amérique / Indiana / Vevay"
"fr","America/Indiana/Vincennes","Amérique / Indiana / Vincennes"
"fr","America/Indiana/Winamac","Amérique / Indiana / Winamac"
"fr","America/Indianapolis","Amérique / Indianapolis"
"fr","America/Inuvik","Amérique / Inuvik"
"fr","America/Iqaluit","Amérique / Iqaluit"
"fr","America/Jamaica","Amérique / Jamaïque"
"fr","America/Jujuy","Amérique / Jujuy"
"fr","America/Juneau","Amérique / Juneau"
"fr","America/Kentucky/Louisville","Amérique / Kentucky / Louisville"
"fr","America/Kentucky/Monticello","Amérique / Kentucky / Monticello"
"fr","America/Knox_IN","Amérique / Knox (IN)"
"fr","America/Kralendijk","Amérique / Kralendijk"
"fr","America/La_Paz","Amérique / La Paz"
"fr","America/Lima","Amérique / Lima"
"fr","America/Los_Angeles","Amérique / Los Angeles"
"fr","America/Louisville","Amérique / Louisville"
"fr","America/Lower_Princes","Amérique / Lower Prince's Quarter"
"fr","America/Maceio","Amérique / Maceió"
"fr","America/Managua","Amérique / Managua"
"fr","America/Manaus","Amérique / Manaus"
"fr","America/Marigot","Amérique / Marigot"
"fr","America/Martinique","Amérique / Martinique"
"fr","America/Matamoros","Amérique / Matamoros"
"fr","America/Mazatlan","Amérique / Mazatlán"
"fr","America/Mendoza","Amérique / Mendoza"
"fr","America/Menominee","Amérique / Menominee"
"fr","America/Merida","Amérique / Merida"
"fr","America/Metlakatla","Amérique / Metlakatla"
"fr","America/Mexico_City","Amérique / Mexico"
"fr","America/Miquelon","Amérique / Saint-Pierre-et-Miquelon"
"fr","America/Moncton","Amérique / Moncton"
"fr","America/Monterrey","Amérique / Monterrey"
"fr","America/Montevideo","Amérique / Montevideo"
"fr","America/Montreal","Amérique / Montréal"
"fr","America/Montserrat","Amérique / Montserrat"
"fr","America/Nassau","Amérique / Nassau"
"fr","America/New_York","Amérique / New York"
"fr","America/Nipigon","Amérique / Nipigon"
"fr","America/Nome","Amérique / Nome"
"fr","America/Noronha","Amérique / Fernando de Noronha"
"fr","America/North_Dakota/Beulah","Amérique / Dakota du Nord / Beulah"
"fr","America/North_Dakota/Center","Amérique / Dakota du Nord / Centre"
"fr","America/North_Dakota/New_Salem","Amérique / Dakota du Nord / New Salem"
"fr","America/Nuuk","Amérique / Nuuk"
"fr","America/Ojinaga","Amérique / Ojinaga"
"fr","America/Panama","Amérique / Panama"
"fr","America/Pangnirtung","Amérique / Pangnirtung"
"fr","America/Paramaribo","Amérique / Paramaribo"
"fr","America/Phoenix","Amérique / Phoenix"
"fr","America/Port-au-Prince","Amérique / Port-au-Prince"
"fr","America/Port_of_Spain","Amérique / Port-d'Espagne"
"fr","America/Porto_Acre","Amérique / Porto Acre"
"fr","America/Porto_Velho","Amérique / Porto Velho"
"fr","America/Puerto_Rico","Amérique / Porto Rico"
"fr","America/Punta_Arenas","Amérique / Punta Arenas"
"fr","America/Rainy_River","Amérique / Rainy River"
"fr","America/Rankin_Inlet","Amérique / Rankin Inlet"
"fr","America/Recife","Amérique / Recife"
"fr","America/Regina","Amérique / Regina"
"fr","America/Resolute","Amérique / Baie Resolute"
"fr","America/Rio_Branco","Amérique / Rio Branco"
"fr","America/Rosario","Amérique / Rosario"
"fr","America/Santa_Isabel","Amérique / Santa Isabel"
"fr","America/Santarem","Amérique / Santarém"
"fr","America/Santiago","Amérique / Santiago"
"fr","America/Santo_Domingo","Amérique / Saint-Domingue"
"fr","America/Sao_Paulo","Amérique / São Paulo"
"fr","America/Scoresbysund","Amérique / Ittoqqortoormiit"
"fr","America/Shiprock","Amérique / Shiprock"
"fr","America/Sitka","Amérique / Sitka"
"fr","America/St_Barthelemy","Amérique / Saint-Barthélemy"
"fr","America/St_Johns","Amérique / Saint John's"
"fr","America/St_Kitts","Amérique / Saint-Kitts-et-Nevis"
"fr","America/St_Lucia","Amérique / Sainte-Lucie"
"fr","America/St_Thomas","Amérique / Saint-Thomas"
"fr","America/St_Vincent","Amérique / Saint-Vincent"
"fr","America/Swift_Current","Amérique / Swift Current"
"fr","America/Tegucigalpa","Amérique / Tegucigalpa"
"fr","America/Thule","Amérique / Qaanaaq"
"fr","America/Thunder_Bay","Amérique / Thunder Bay"
"fr","America/Tijuana","Amérique / Tijuana"
"fr","America/Toronto","Amérique / Toronto"
"fr","America/Tortola","Amérique / Tortola"
"fr","America/Vancouver","Amérique / Vancouver"
"fr","America/Virgin","Amérique / Virgin"
"fr","America/Whitehorse","Amérique / Whitehorse"
"fr","America/Winnipeg","Amérique / Winnipeg"
"fr","America/Yakutat","Amérique / Yakutat"
"fr","America/Yellowknife","Amérique / Yellowknife"
"fr","Antarctica/Casey","Antarctique / Casey"
"fr","Antarctica/Davis","Antarctique / Davis"
"fr","Antarctica/DumontDUrville","Antarctique / Dumont d'Urville"
"fr","Antarctica/Macquarie","Antarctique / Macquarie"
"fr","Antarctica/Mawson","Antarctique / Mawson"
"fr","Antarctica/McMurdo","Antarctique / McMurdo"
"fr","Antarctica/Palmer","Antarctique / Palmer"
"fr","Antarctica/Rothera","Antarctique / Rothera"
"fr","Antarctica/South_Pole","Antarctique / Pôle Sud"
"fr","Antarctica/Syowa","Antarctique / Shōwa"
"fr","Antarctica/Troll","Antarctique / Troll"
"fr","Antarctica/Vostok","Antarctique / Vostok"
"fr","Arctic/Longyearbyen","Arctique / Longyearbyen"
"fr","Asia/Aden","Asie / Aden"
"fr","Asia/Almaty","Asie / Almaty"
"fr","Asia/Amman","Asie / Amman"
"fr","Asia/Anadyr","Asie / Anadyr"
"fr","Asia/Aqtau","Asie / Aktaou"
"fr","Asia/Aqtobe","Asie / Aktioubé"
"fr","Asia/Ashgabat","Asie / Achgabat"
"fr","Asia/Ashkhabad","Asie / Achgabat"
"fr","Asia/Atyrau","Asie / Atyraou"
"fr","Asia/Baghdad","Asie / Bagdad"
"fr","Asia/Bahrain","Asie / Bahreïn"
"fr","Asia/Baku","Asie / Bakou"
"fr","Asia/Bangkok","Asie / Bangkok"
"fr","Asia/Barnaul","Asie / Barnaoul"
"fr","Asia/Beirut","Asie / Beyrouth"
"fr","Asia/Bishkek","Asie / Bichkek"
"fr","Asia/Brunei","Asie / Brunéi"
"fr","Asia/Calcutta","Asie / Calcutta"
"fr","Asia/Chita","Asie / Chita"
"fr","Asia/Choibalsan","Asie / Choybalsan"
"fr","Asia/Chongqing","Asie / Chongqing"
"fr","Asia/Chungking","Asie / Chongqing"
"fr","Asia/Colombo","Asie / Colombo"
"fr","Asia/Dacca","Asie / Dacca"
"fr","Asia/Damascus","Asie / Damas"
"fr","Asia/Dhaka","Asie / Dhaka"
"fr","Asia/Dili","Asie / Díli"
"fr","Asia/Dubai","Asie / Dubaï"
"fr","Asia/Dushanbe","Asie / Douchanbé"
"fr","Asia/Famagusta","Asie / Famagouste"
"fr","Asia/Gaza","Asie / Gaza"
"fr","Asia/Harbin","Asie / Harbin"
"fr","Asia/Hebron","Asie / Hébron"
"fr","Asia/Ho_Chi_Minh","Asie / Hô Chi Minh"
"fr","Asia/Hong_Kong","Asie / Hong Kong"
"fr","Asia/Hovd","Asie / Hovd"
"fr","Asia/Irkutsk","Asie / Irkoutsk"
"fr","Asia/Istanbul","Asie / Istanbul"
"fr","Asia/Jakarta","Asie / Jakarta"
"fr","Asia/Jayapura","Asie / Jayapura"
"fr","Asia/Jerusalem","Asie / Jérusalem"
"fr","Asia/Kabul","Asie / Kaboul"
"fr","Asia/Kamchatka","Asie / Kamtchatka"
"fr","Asia/Karachi","Asie / Karachi"
"fr","Asia/Kashgar","Asie / Kachgar"
"fr","Asia/Kathmandu","Asie / Katmandou"
"fr","Asia/Katmandu","Asie / Katmandou"
"fr","Asia/Khandyga","Asie / Khandyga"
"fr","Asia/Kolkata","Asie / Calcutta"
"fr","Asia/Krasnoyarsk","Asie / Krasnoïarsk"
"fr","Asia/Kuala_Lumpur","Asie / Kuala Lumpur"
"fr","Asia/Kuching","Asie / Kuching"
"fr","Asia/Kuwait","Asie / Koweït"
"fr","Asia/Macao","Asie / Macao"
"fr","Asia/Macau","Asie / Macao"
"fr","Asia/Magadan","Asie / Magadan"
"fr","Asia/Makassar","Asie / Makassar"
"fr","Asia/Manila","Asie / Manille"
"fr","Asia/Muscat","Asie / Mascate"
"fr","Asia/Nicosia","Asie / Nicosie"
"fr","Asia/Novokuznetsk","Asie / Novokouznetsk"
"fr","Asia/Novosibirsk","Asie / Novossibirsk"
"fr","Asia/Omsk","Asie / Omsk"
"fr","Asia/Oral","Asie / Oural"
"fr","Asia/Phnom_Penh","Asie / Phnom Penh"
"fr","Asia/Pontianak","Asie / Pontianak"
"fr","Asia/Pyongyang","Asie / Pyongyang"
"fr","Asia/Qatar","Asie / Qatar"
"fr","Asia/Qostanay","Asie / Kostanaï"
"fr","Asia/Qyzylorda","Asie / Kyzylorda"
"fr","Asia/Rangoon","Asie / Rangoun"
"fr","Asia/Riyadh","Asie / Riyad"
"fr","Asia/Saigon","Asie / Saïgon"
"fr","Asia/Sakhalin","Asie / Sakhalin"
"fr","Asia/Samarkand","Asie / Samarcande"
"fr","Asia/Seoul","Asie / Séoul"
"fr","Asia/Shanghai","Asie / Shanghai"
"fr","Asia/Singapore","Asie / Singapour"
"fr","Asia/Srednekolymsk","Asie / Srednekolymsk"
"fr","Asia/Taipei","Asie / Taipei"
"fr","Asia/Tashkent","Asie / Tachkent"
"fr","Asia/Tbilisi","Asie / Tbilissi"
"fr","Asia/Tehran","Asie / Téhéran"
"fr","Asia/Tel_Aviv","Asie / Tel-Aviv"
"fr","Asia/Thimbu","Asie / Thimbu"
"fr","Asia/Thimphu","Asie / Thimphu"
"fr","Asia/Tokyo","Asie / Tokyo"
"fr","Asia/Tomsk","Asie / Tomsk"
"fr","Asia/Ujung_Pandang","Asie / Makassar"
"fr","Asia/Ulaanbaatar","Asie / Oulan-Bator"
"fr","Asia/Ulan_Bator","Asie / Oulan-Bator"
"fr","Asia/Urumqi","Asie / Ürümqi"
"fr","Asia/Ust-Nera","Asie / Oust-Nera"
"fr","Asia/Vientiane","Asie / Vientiane"
"fr","Asia/Vladivostok","Asie / Vladivostok"
"fr","Asia/Yakutsk","Asie / Iakoutsk"
"fr","Asia/Yangon","Asie / Rangoun"
"fr","Asia/Yekaterinburg","Asie / Iekaterinbourg"
"fr","Asia/Yerevan","Asie / Erevan"
"fr","Atlantic/Azores","Atlantique / Açores"
"fr","Atlantic/Bermuda","Atlantique / Bermudes"
"fr","Atlantic/Canary","Atlantique / Canaries"
"fr","Atlantic/Cape_Verde","Atlantique / Cap-Vert"
"fr","Atlantic/Faeroe","Atlantique / Féroé"
"fr","Atlantic/Faroe","Atlantique / Féroé"
"fr","Atlantic/Jan_Mayen","Atlantique / Jan Mayen"
"fr","Atlantic/Madeira","Atlantique / Madère"
"fr","Atlantic/Reykjavik","Atlantique / Reykjavik"
"fr","Atlantic/South_Georgia","Atlantique / Géorgie du Sud"
"fr","Atlantic/St_Helena","Atlantique / Sainte-Hélène"
"fr","Atlantic/Stanley","Atlantique / Stanley"
"fr","Australia/ACT","Australie / Territoire de la capitale australienne"
"fr","Australia/Adelaide","Australie / Adélaïde"
"fr","Australia/Brisbane","Australie / Brisbane"
"fr","Australia/Broken_Hill","Australie / Broken Hill"
"fr","Australia/Canberra","Australie / Canberra"
"fr","Australia/Currie","Australie / Currie"
"fr","Australia/Darwin","Australie / Darwin"
"fr","Australia/Eucla","Australie / Eucla"
"fr","Australia/Hobart","Australie / Hobart"
"fr","Australia/LHI","Australie / Île Lord Howe"
"fr","Australia/Lindeman","Australie / Lindeman"
"fr","Australia/Lord_Howe","Australie / Île Lord Howe"
"fr","Australia/Melbourne","Australie / Melbourne"
"fr","Australia/NSW","Australie / Nouvelle-Galles du Sud"
"fr","Australia/North","Australie / Nord"
"fr","Australia/Perth","Australie / Perth"
"fr","Australia/Queensland","Australie / Queensland"
"fr","Australia/South","Australie / Sud"
"fr","Australia/Sydney","Australie / Sydney"
"fr","Australia/Tasmania","Australie / Tasmanie"
"fr","Australia/Victoria","Australie / Victoria"
"fr","Australia/West","Australie / Ouest"
"fr","Australia/Yancowinna","Australie / Yancowinna"
"fr","Brazil/Acre","Brésil / Acre"
"fr","Brazil/DeNoronha","Brésil / Fernando de Noronha"
"fr","Brazil/East","Brésil / Est"
"fr","Brazil/West","Brésil / Ouest"
"fr","CET","CET"
"fr","CST6CDT","CST6CDT"
"fr","Canada/Atlantic","Canada / Atlantique"
"fr","Canada/Central","Canada / Centre"
"fr","Canada/Eastern","Canada / Est"
"fr","Canada/Mountain","Canada / Rocheuses"
"fr","Canada/Newfoundland","Canada / Terre-Neuve-et-Labrador"
"fr","Canada/Pacific","Canada / Pacifique"
"fr","Canada/Saskatchewan","Canada / Saskatchewan"
"fr","Canada/Yukon","Canada / Yukon"
"fr","Chile/Continental","Chili / Continental"
"fr","Chile/EasterIsland","Chili / Île de Pâques"
"fr","Cuba","Cuba"
"fr","EET","EET"
"fr","EST","EST"
"fr","EST5EDT","EST5EDT"
"fr","Egypt","Égypte"
"fr","Eire","Irlande"
"fr","Etc/GMT","Etc/GMT"
"fr","Etc/GMT+0","Etc/GMT+0"
"fr","Etc/GMT+1","Etc/GMT+1"
"fr","Etc/GMT+10","Etc/GMT+10"
"fr","Etc/GMT+11","Etc/GMT+11"
"fr","Etc/GMT+12","Etc/GMT+12"
"fr","Etc/GMT+2","Etc/GMT+2"
"fr","Etc/GMT+3","Etc/GMT+3"
"fr","Etc/GMT+4","Etc/GMT+4"
"fr","Etc/GMT+5","Etc/GMT+5"
"fr","Etc/GMT+6","Etc/GMT+6"
"fr","Etc/GMT+7","Etc/GMT+7"
"fr","Etc/GMT+8","Etc/GMT+8"
"fr","Etc/GMT+9","Etc/GMT+9"
"fr","Etc/GMT-0","Etc/GMT-0"
"fr","Etc/GMT-1","Etc/GMT-1"
"fr","Etc/GMT-10","Etc/GMT-10"
"fr","Etc/GMT-11","Etc/GMT-11"
"fr","Etc/GMT-12","Etc/GMT-12"
"fr","Etc/GMT-13","Etc/GMT-13"
"fr","Etc/GMT-14","Etc/GMT-14"
"fr","Etc/GMT-2","Etc/GMT-2"
"fr","Etc/GMT-3","Etc/GMT-3"
"fr","Etc/GMT-4","Etc/GMT-4"
"fr","Etc/GMT-5","Etc/GMT-5"
"fr","Etc/GMT-6","Etc/GMT-6"
"fr","Etc/GMT-7","Etc/GMT-7"
"fr","Etc/GMT-8","Etc/GMT-8"
"fr","Etc/GMT-9","Etc/GMT-9"
"fr","Etc/GMT0","Etc/GMT0"
"fr","Etc/Greenwich","Etc/Greenwich"
"fr","Etc/UCT","Etc/UCT"
"fr","Etc/UTC","Etc/UTC"
"fr","Etc/Universal","Etc/Universel"
"fr","Etc/Zulu","Etc/Zulu"
"fr","Europe/Amsterdam","Europe / Amsterdam"
"fr","Europe/Andorra","Europe / Andorre"
"fr","Europe/Astrakhan","Europe / Astrakhan"
"fr","Europe/Athens","Europe / Athènes"
"fr","Europe/Belfast","Europe / Belfast"
"fr","Europe/Belgrade","Europe / Belgrade"
"fr","Europe/Berlin","Europe / Berlin"
"fr","Europe/Bratislava","Europe / Bratislava"
"fr","Europe/Brussels","Europe / Bruxelles"
"fr","Europe/Bucharest","Europe / Bucarest"
"fr","Europe/Budapest","Europe / Budapest"
"fr","Europe/Busingen","Europe / Büsingen am Hochrhein"
"fr","Europe/Chisinau","Europe / Chișinău"
"fr","Europe/Copenhagen","Europe / Copenhague"
"fr","Europe/Dublin","Europe / Dublin"
"fr","Europe/Gibraltar","Europe / Gibraltar"
"fr","Europe/Guernsey","Europe / Guernesey"
"fr","Europe/Helsinki","Europe / Helsinki"
"fr","Europe/Isle_of_Man","Europe / Île de Man"
"fr","Europe/Istanbul","Europe / Istanbul"
"fr","Europe/Jersey","Europe / Jersey"
"fr","Europe/Kaliningrad","Europe / Kaliningrad"
"fr","Europe/Kiev","Europe / Kiev"
"fr","Europe/Kirov","Europe / Kirov"
"fr","Europe/Kyiv","Europe / Kyiv"
"fr","Europe/Lisbon","Europe / Lisbonne"
"fr","Europe/Ljubljana","Europe / Ljubljana"
"fr","Europe/London","Europe / Londres"
"fr","Europe/Luxembourg","Europe / Luxembourg"
"fr","Europe/Madrid","Europe / Madrid"
"fr","Europe/Malta","Europe / Malte"
"fr","Europe/Mariehamn","Europe / Mariehamn"
"fr","Europe/Minsk","Europe / Minsk"
"fr","Europe/Monaco","Europe / Monaco"
"fr","Europe/Moscow","Europe / Moscou"
"fr","Europe/Nicosia","Europe / Nicosie"
"fr","Europe/Oslo","Europe / Oslo"
"fr","Europe/Paris","Europe / Paris"
"fr","Europe/Podgorica","Europe / Podgorica"
"fr","Europe/Prague","Europe / Prague"
"fr","Europe/Riga","Europe / Riga"
"fr","Europe/Rome","Europe / Rome"
"fr","Europe/Samara","Europe / Samara"
"fr","Europe/San_Marino","Europe / Saint-Marin"
"fr","Europe/Sarajevo","Europe / Sarajevo"
"fr","Europe/Saratov","Europe / Saratov"
"fr","Europe/Simferopol","Europe / Simferopol"
"fr","Europe/Skopje","Europe / Skopje"
"fr","Europe/Sofia","Europe / Sofia"
"fr","Europe/Stockholm","Europe / Stockholm"
"fr","Europe/Tallinn","Europe / Tallinn"
"fr","Europe/Tirane","Europe / Tirana"
"fr","Europe/Tiraspol","Europe / Tiraspol"
"fr","Europe/Ulyanovsk","Europe / Oulianovsk"
"fr","Europe/Uzhgorod","Europe / Oujhorod"
"fr","Europe/Vaduz","Europe / Vaduz"
"fr","Europe/Vatican","Europe / Vatican"
"fr","Europe/Vienna","Europe / Vienne"
"fr","Europe/Vilnius","Europe / Vilnius"
"fr","Europe/Volgograd","Europe / Volgograd"
"fr","Europe/Warsaw","Europe / Varsovie"
"fr","Europe/Zagreb","Europe / Zagreb"
"fr","Europe/Zaporozhye","Europe / Zaporijia"
"fr","Europe/Zurich","Europe / Zurich"
"fr","GB","GB"
"fr","GB-Eire","GB-Irlande"
"fr","GMT","GMT"
"fr","GMT+0","GMT+0"
"fr","GMT-0","GMT-0"
"fr","GMT0","GMT0"
"fr","Greenwich","Greenwich"
"fr","HST","HST"
"fr","Hongkong","Hong Kong"
"fr","Iceland","Islande"
"fr","Indian/Antananarivo","Océan Indien / Tananarive"
"fr","Indian/Chagos","Océan Indien / Archipel des Chagos"
"fr","Indian/Christmas","Océan Indien / Île Christmas"
"fr","Indian/Cocos","Océan Indien / Îles Cocos"
"fr","Indian/Comoro","Océan Indien / Comores"
"fr","Indian/Kerguelen","Océan Indien / Îles Kerguelen"
"fr","Indian/Mahe","Océan Indien / Mahé"
"fr","Indian/Maldives","Océan Indien / Maldives"
"fr","Indian/Mauritius","Océan Indien / Maurice"
"fr","Indian/Mayotte","Océan Indien / Mayotte"
"fr","Indian/Reunion","Océan Indien / Réunion"
"fr","Iran","Iran"
"fr","Israel","Israël"
"fr","Jamaica","Jamaïque"
"fr","Japan","Japon"
"fr","Kwajalein","Kwajalein"
"fr","Libya","Libye"
"fr","MET","MET"
"fr","MST","MST"
"fr","MST7MDT","MST7MDT"
"fr","Mexico/BajaNorte","Mexique / Basse-Californie"
"fr","Mexico/BajaSur","Mexique / Basse-Californie du Sud"
"fr","Mexico/General","Mexique / Général"
"fr","NZ","NZ"
"fr","NZ-CHAT","NZ-CHAT"
"fr","Navajo","Navajo"
"fr","PRC","PRC"
"fr","PST8PDT","PST8PDT"
"fr","Pacific/Apia","Pacifique / Apia"
"fr","Pacific/Auckland","Pacifique / Auckland"
"fr","Pacific/Bougainville","Pacifique / Bougainville"
"fr","Pacific/Chatham","Pacifique / Chatham"
"fr","Pacific/Chuuk","Pacifique / Chuuk"
"fr","Pacific/Easter","Pacifique / Île de Pâques"
"fr","Pacific/Efate","Pacifique / Efate"
"fr","Pacific/Enderbury","Pacifique / Enderbury"
"fr","Pacific/Fakaofo","Pacifique / Fakaofo"
"fr","Pacific/Fiji","Pacifique / Fidji"
"fr","Pacific/Funafuti","Pacifique / Funafuti"
"fr","Pacific/Galapagos","Pacifique / Galápagos"
"fr","Pacific/Gambier","Pacifique / Gambier"
"fr","Pacific/Guadalcanal","Pacifique / Guadalcanal"
"fr","Pacific/Guam","Pacifique / Guam"
"fr","Pacific/Honolulu","Pacifique / Honolulu"
"fr","Pacific/Johnston","Pacifique / Johnston"
"fr","Pacific/Kanton","Pacifique / Canton"
"fr","Pacific/Kiritimati","Pacifique / Île Christmas"
"fr","Pacific/Kosrae","Pacifique / Kosrae"
"fr","Pacific/Kwajalein","Pacifique / Kwajalein"
"fr","Pacific/Majuro","Pacifique / Majuro"
"fr","Pacific/Marquesas","Pacifique / Marquises"
"fr","Pacific/Midway","Pacifique / Midway"
"fr","Pacific/Nauru","Pacifique / Nauru"
"fr","Pacific/Niue","Pacifique / Niue"
"fr","Pacific/Norfolk","Pacifique / Norfolk"
"fr","Pacific/Noumea","Pacifique / Nouméa"
"fr","Pacific/Pago_Pago","Pacifique / Pago Pago"
"fr","Pacific/Palau","Pacifique / Palaos"
"fr","Pacific/Pitcairn","Pacifique / Pitcairn"
"fr","Pacific/Pohnpei","Pacifique / Pohnpei"
"fr","Pacific/Ponape","Pacifique / Ponape"
"fr","Pacific/Port_Moresby","Pacifique / Port Moresby"
"fr","Pacific/Rarotonga","Pacifique / Rarotonga"
"fr","Pacific/Saipan","Pacifique / Saipan"
"fr","Pacific/Samoa","Pacifique / Samoa"
"fr","Pacific/Tahiti","Pacifique / Tahiti"
"fr","Pacific/Tarawa","Pacifique / Tarawa"
"fr","Pacific/Tongatapu","Pacifique / Tongatapu"
"fr","Pacific/Truk","Pacifique / Truk"
"fr","Pacific/Wake","Pacifique / Wake"
"fr","Pacific/Wallis","Pacifique / Wallis-et-Futuna"
"fr","Pacific/Yap","Pacifique / Yap"
"fr","Poland","Pologne"
"fr","Portugal","Portugal"
"fr","ROC","ROC"
"fr","ROK","ROK"
"fr","Singapore","Singapour"
"fr","Turkey","Turquie"
"fr","UCT","UCT"
"fr","US/Alaska","États-Unis / Alaska"
"fr","US/Aleutian","États-Unis / Îles Aléoutiennes"
"fr","US/Arizona","États-Unis / Arizona"
"fr","US/Central","États-Unis / Centre"
"fr","US/East-Indiana","États-Unis / Indiana de l'Est"
"fr","US/Eastern","États-Unis / Est"
"fr","US/Hawaii","États-Unis / Hawaï"
"fr","US/Indiana-Starke","États-Unis / Starke, Indiana"
"fr","US/Michigan","États-Unis / Michigan"
"fr","US/Mountain","États-Unis / Rocheuses"
"fr","US/Pacific","États-Unis / Pacifique"
"fr","US/Samoa","États-Unis / Samoa"
"fr","UTC","UTC"
"fr","Universal","Universel"
"fr","W-SU","W-SU"
"fr","WET","WET"
"fr","Zulu","Zoulou"